time_s,duty_permille,duty_ratio,encoder_count,delta_count,rpm,rad_per_second,sample_time_s,host_time_s
0,600,0.6,0,0,0,0,0.0499999999999972,1.5736117
0.05,600,0.6,65522,-14,-107.692,-11.277,0.05,1.6216088
0.1,600,0.6,65499,-23,-176.923,-18.527,0.05,1.6992907
0.15,600,0.6,65476,-23,-176.923,-18.527,0.05,1.726388
0.2,600,0.6,65452,-24,-184.615,-19.332,0.05,1.7756748
0.25,600,0.6,65429,-23,-176.923,-18.527,0.05,1.8196121
0.3,600,0.6,65406,-23,-176.923,-18.527,0.05,1.8697843
0.35,600,0.6,65382,-24,-184.615,-19.332,0.05,1.9361389
0.4,600,0.6,65359,-23,-176.923,-18.527,0.05,1.966068
0.45,600,0.6,65336,-23,-176.923,-18.527,0.05,2.0220575
0.5,600,0.6,65312,-24,-184.615,-19.332,0.05,2.0941717
0.55,600,0.6,65289,-23,-176.923,-18.527,0.0499999999999999,2.1205349
0.6,600,0.6,65266,-23,-176.923,-18.527,0.05,2.1720302
0.65,600,0.6,65242,-24,-184.615,-19.332,0.05,2.251033
0.7,600,0.6,65218,-24,-184.615,-19.332,0.0499999999999999,2.2752599
0.75,600,0.6,65194,-24,-184.615,-19.332,0.05,2.327251
0.8,600,0.6,65171,-23,-176.923,-18.527,0.0499999999999999,2.3693261
0.85,600,0.6,65147,-24,-184.615,-19.332,0.05,2.4198894
0.9,600,0.6,65124,-23,-176.923,-18.527,0.05,2.4840526
0.95,600,0.6,65100,-24,-184.615,-19.332,0.0499999999999999,2.5198326
1,600,0.6,65077,-23,-176.923,-18.527,0.05,2.5809666
1.05,600,0.6,65053,-24,-184.615,-19.332,0.05,2.6387284
1.1,600,0.6,65030,-23,-176.923,-18.527,0.05,2.6730643
1.15,600,0.6,65006,-24,-184.615,-19.332,0.0499999999999998,2.720514
1.2,600,0.6,64983,-23,-176.923,-18.527,0.05,2.7940799
1.25,600,0.6,64960,-23,-176.923,-18.527,0.05,2.8298861
1.3,600,0.6,64936,-24,-184.615,-19.332,0.05,2.8773237
1.35,600,0.6,64912,-24,-184.615,-19.332,0.05,2.9513058
1.4,600,0.6,64889,-23,-176.923,-18.527,0.0499999999999998,2.9654602
1.45,600,0.6,64866,-23,-176.923,-18.527,0.05,3.0317209
1.5,600,0.6,64842,-24,-184.615,-19.332,0.05,3.0741377
1.55,600,0.6,64818,-24,-184.615,-19.332,0.05,3.1206624
1.6,600,0.6,64794,-24,-184.615,-19.332,0.05,3.1855938
1.65,600,0.6,64771,-23,-176.923,-18.527,0.0499999999999998,3.2262442
1.7,600,0.6,64747,-24,-184.615,-19.332,0.05,3.2722684
1.75,600,0.6,64724,-23,-176.923,-18.527,0.05,3.3385312
1.8,600,0.6,64700,-24,-184.615,-19.332,0.05,3.3663685
1.85,600,0.6,64676,-24,-184.615,-19.332,0.05,3.4283582
1.9,600,0.6,64653,-23,-176.923,-18.527,0.0499999999999998,3.4996041
1.95,600,0.6,64629,-24,-184.615,-19.332,0.05,3.5209552
2,600,0.6,64606,-23,-176.923,-18.527,0.0499999999999998,3.576618
2.05,600,0.6,64582,-24,-184.615,-19.332,0.0500000000000005,3.6564188
2.1,600,0.6,64558,-24,-184.615,-19.332,0.0499999999999998,3.6768805
2.15,600,0.6,64535,-23,-176.923,-18.527,0.0500000000000003,3.7304131
2.2,600,0.6,64512,-23,-176.923,-18.527,0.0499999999999998,3.8059107
2.25,600,0.6,64488,-24,-184.615,-19.332,0.0500000000000003,3.8284
2.3,600,0.6,64464,-24,-184.615,-19.332,0.0499999999999998,3.8809711
2.35,600,0.6,64441,-23,-176.923,-18.527,0.0499999999999998,3.9262152
2.4,600,0.6,64418,-23,-176.923,-18.527,0.0500000000000003,3.9665064
2.45,600,0.6,64394,-24,-184.615,-19.332,0.0499999999999998,4.0359383
2.5,600,0.6,64370,-24,-184.615,-19.332,0.0500000000000003,4.067177
2.55,600,0.6,64346,-24,-184.615,-19.332,0.0499999999999998,4.1295605
2.6,600,0.6,64323,-23,-176.923,-18.527,0.0499999999999998,4.1947237
2.65,600,0.6,64299,-24,-184.615,-19.332,0.0500000000000003,4.2242324
2.7,600,0.6,64276,-23,-176.923,-18.527,0.0499999999999998,4.3734805
2.75,600,0.6,64252,-24,-184.615,-19.332,0.0500000000000003,4.3738062
2.8,600,0.6,64228,-24,-184.615,-19.332,0.0499999999999998,4.3808789
2.85,600,0.6,64205,-23,-176.923,-18.527,0.0499999999999998,4.480929
2.9,600,0.6,64182,-23,-176.923,-18.527,0.0500000000000003,4.4812817
2.95,600,0.6,64158,-24,-184.615,-19.332,0.0499999999999998,4.5194394
3,600,0.6,64134,-24,-184.615,-19.332,0.0500000000000003,4.6054028
3.05,600,0.6,64111,-23,-176.923,-18.527,0.0499999999999998,4.622622
3.1,600,0.6,64088,-23,-176.923,-18.527,0.0499999999999998,4.6886331
3.15,600,0.6,64064,-24,-184.615,-19.332,0.0500000000000003,4.7302297
3.2,600,0.6,64040,-24,-184.615,-19.332,0.0499999999999998,4.7750556
3.25,600,0.6,64017,-23,-176.923,-18.527,0.0500000000000003,4.8206425
3.3,600,0.6,63993,-24,-184.615,-19.332,0.0499999999999998,4.8777467
3.35,600,0.6,63969,-24,-184.615,-19.332,0.0499999999999998,4.9774684
3.4,600,0.6,63946,-23,-176.923,-18.527,0.0500000000000003,4.9780728
3.45,600,0.6,63922,-24,-184.615,-19.332,0.0499999999999998,5.0229414
3.5,600,0.6,63898,-24,-184.615,-19.332,0.0500000000000003,5.0703602
3.55,600,0.6,63874,-24,-184.615,-19.332,0.0499999999999998,5.1499423
3.6,600,0.6,63851,-23,-176.923,-18.527,0.0499999999999998,5.1792038
3.65,600,0.6,63827,-24,-184.615,-19.332,0.0500000000000003,5.2425041
3.7,600,0.6,63804,-23,-176.923,-18.527,0.0499999999999998,5.2702713
3.75,600,0.6,63780,-24,-184.615,-19.332,0.0500000000000003,5.3292924
3.8,600,0.6,63757,-23,-176.923,-18.527,0.0499999999999998,5.3654598
3.85,600,0.6,63733,-24,-184.615,-19.332,0.0499999999999998,5.4263223
3.9,600,0.6,63710,-23,-176.923,-18.527,0.0500000000000003,5.5136296
3.95,600,0.6,63686,-24,-184.615,-19.332,0.0499999999999998,5.5251071
4,600,0.6,63663,-23,-176.923,-18.527,0.0499999999999998,5.6022667
4.05,600,0.6,63639,-24,-184.615,-19.332,0.0499999999999998,5.62496
4.1,600,0.6,63616,-23,-176.923,-18.527,0.0500000000000007,5.7095588
4.15,600,0.6,63592,-24,-184.615,-19.332,0.0499999999999998,5.7162645
4.2,600,0.6,63568,-24,-184.615,-19.332,0.0499999999999998,5.8112607
4.25,600,0.6,63544,-24,-184.615,-19.332,0.0499999999999998,5.8292471
4.3,600,0.6,63520,-24,-184.615,-19.332,0.0500000000000007,5.9058247
4.35,600,0.6,63497,-23,-176.923,-18.527,0.0499999999999998,5.9231664
4.4,600,0.6,63473,-24,-184.615,-19.332,0.0499999999999998,6.0096381
4.45,600,0.6,63450,-23,-176.923,-18.527,0.0499999999999998,6.0177526
4.5,600,0.6,63426,-24,-184.615,-19.332,0.0499999999999998,6.0913289
4.55,600,0.6,63402,-24,-184.615,-19.332,0.0500000000000007,6.125243
4.6,600,0.6,63378,-24,-184.615,-19.332,0.0499999999999998,6.1838603
4.65,600,0.6,63355,-23,-176.923,-18.527,0.0499999999999998,6.2250842
4.7,600,0.6,63332,-23,-176.923,-18.527,0.0499999999999998,6.2718169
4.75,600,0.6,63308,-24,-184.615,-19.332,0.0499999999999998,6.3178999
4.8,600,0.6,63284,-24,-184.615,-19.332,0.0500000000000007,6.3651782
4.85,600,0.6,63261,-23,-176.923,-18.527,0.0499999999999998,6.4483061
4.9,600,0.6,63237,-24,-184.615,-19.332,0.0499999999999998,6.4792832
4.95,600,0.6,63214,-23,-176.923,-18.527,0.0499999999999998,6.5363704
5,600,0.6,63190,-24,-184.615,-19.332,0.0499999999999998,6.5722685
5.05,600,0.6,63166,-24,-184.615,-19.332,0.0500000000000007,6.6295954
5.1,600,0.6,63142,-24,-184.615,-19.332,0.0499999999999998,6.6660426
5.15,600,0.6,63119,-23,-176.923,-18.527,0.0499999999999998,6.721713
5.2,600,0.6,63095,-24,-184.615,-19.332,0.0499999999999998,6.8087341
5.25,600,0.6,63071,-24,-184.615,-19.332,0.0499999999999998,6.823874
5.3,600,0.6,63048,-23,-176.923,-18.527,0.0500000000000007,6.8989221
5.35,600,0.6,63024,-24,-184.615,-19.332,0.0499999999999998,6.9170734
5.4,600,0.6,63000,-24,-184.615,-19.332,0.0499999999999998,6.9895106
5.45,600,0.6,62977,-23,-176.923,-18.527,0.0499999999999998,7.0301233
5.5,600,0.6,62954,-23,-176.923,-18.527,0.0499999999999998,7.0916251
5.55,600,0.6,62930,-24,-184.615,-19.332,0.0500000000000007,7.1295313
5.6,600,0.6,62906,-24,-184.615,-19.332,0.0499999999999998,7.1944647
5.65,600,0.6,62883,-23,-176.923,-18.527,0.0499999999999998,7.2240174
5.7,600,0.6,62859,-24,-184.615,-19.332,0.0499999999999998,7.2705338
5.75,600,0.6,62836,-23,-176.923,-18.527,0.0499999999999998,7.3566604
5.8,600,0.6,62812,-24,-184.615,-19.332,0.0500000000000007,7.3749755
5.85,600,0.6,62788,-24,-184.615,-19.332,0.0499999999999998,7.4449092
5.9,600,0.6,62765,-23,-176.923,-18.527,0.0499999999999998,7.4751489
5.95,600,0.6,62741,-24,-184.615,-19.332,0.0499999999999998,7.5342095
6,600,0.6,62717,-24,-184.615,-19.332,0.0499999999999998,7.566987
6.05,600,0.6,62693,-24,-184.615,-19.332,0.0500000000000007,7.6294902
6.1,600,0.6,62670,-23,-176.923,-18.527,0.0499999999999998,7.7142817
6.15,600,0.6,62646,-24,-184.615,-19.332,0.0499999999999998,7.7269247
6.2,600,0.6,62622,-24,-184.615,-19.332,0.0499999999999998,7.8045781
6.25,600,0.6,62599,-23,-176.923,-18.527,0.0499999999999998,7.8199867
6.3,600,0.6,62576,-23,-176.923,-18.527,0.0500000000000007,7.8919119
6.35,600,0.6,62552,-24,-184.615,-19.332,0.0499999999999998,7.9164274
6.4,600,0.6,62528,-24,-184.615,-19.332,0.0499999999999998,7.9839661
6.45,600,0.6,62504,-24,-184.615,-19.332,0.0499999999999998,8.0183723
6.5,600,0.6,62481,-23,-176.923,-18.527,0.0499999999999998,8.0719154
6.55,600,0.6,62458,-23,-176.923,-18.527,0.0500000000000007,8.158938
6.6,600,0.6,62434,-24,-184.615,-19.332,0.0499999999999998,8.1759616
6.65,600,0.6,62410,-24,-184.615,-19.332,0.0499999999999998,8.2483581
6.7,600,0.6,62387,-23,-176.923,-18.527,0.0499999999999998,8.2747895
6.75,600,0.6,62363,-24,-184.615,-19.332,0.0499999999999998,8.3350106
6.8,600,0.6,62339,-24,-184.615,-19.332,0.0500000000000007,8.3693147
6.85,600,0.6,62315,-24,-184.615,-19.332,0.0499999999999998,8.4283995
6.9,600,0.6,62292,-23,-176.923,-18.527,0.0499999999999998,8.4680232
6.95,600,0.6,62268,-24,-184.615,-19.332,0.0499999999999998,8.5174611
7,600,0.6,62244,-24,-184.615,-19.332,0.0499999999999998,8.6036481
7.05,600,0.6,62220,-24,-184.615,-19.332,0.0500000000000007,8.616378
7.1,600,0.6,62197,-23,-176.923,-18.527,0.0499999999999998,8.6933489
7.15,600,0.6,62174,-23,-176.923,-18.527,0.0499999999999998,8.7197213
7.2,600,0.6,62150,-24,-184.615,-19.332,0.0499999999999998,8.7799103
7.25,600,0.6,62126,-24,-184.615,-19.332,0.0499999999999998,8.8294303
7.3,600,0.6,62102,-24,-184.615,-19.332,0.0500000000000007,8.8754183
7.35,600,0.6,62079,-23,-176.923,-18.527,0.0499999999999998,8.9593447
7.4,600,0.6,62056,-23,-176.923,-18.527,0.0499999999999998,8.9655314
7.45,600,0.6,62032,-24,-184.615,-19.332,0.0499999999999998,9.0493284
7.5,600,0.6,62008,-24,-184.615,-19.332,0.0499999999999998,9.0752752
7.55,600,0.6,61985,-23,-176.923,-18.527,0.0500000000000007,9.135618
7.6,600,0.6,61961,-24,-184.615,-19.332,0.0499999999999998,9.1702738
7.65,600,0.6,61937,-24,-184.615,-19.332,0.0499999999999998,9.2240005
7.7,600,0.6,61914,-23,-176.923,-18.527,0.0499999999999998,9.3102012
7.75,600,0.6,61890,-24,-184.615,-19.332,0.0499999999999998,9.3256594
7.8,600,0.6,61866,-24,-184.615,-19.332,0.0500000000000007,9.399238
7.85,600,0.6,61842,-24,-184.615,-19.332,0.0499999999999998,9.4222856
7.9,600,0.6,61818,-24,-184.615,-19.332,0.0499999999999998,9.4956816
7.95,600,0.6,61795,-23,-176.923,-18.527,0.0499999999999998,9.5166069
8,600,0.6,61771,-24,-184.615,-19.332,0.0499999999999998,9.5936347
8.05,600,0.6,61748,-23,-176.923,-18.527,0.0499999999999989,9.6198033
8.1,600,0.6,61724,-24,-184.615,-19.332,0.0500000000000007,9.7114158
8.15,600,0.6,61700,-24,-184.615,-19.332,0.0499999999999989,9.7150924
8.2,600,0.6,61677,-23,-176.923,-18.527,0.0500000000000007,9.7957612
8.25,600,0.6,61653,-24,-184.615,-19.332,0.0500000000000007,9.8249278
8.3,600,0.6,61630,-23,-176.923,-18.527,0.0499999999999989,9.889983
8.35,600,0.6,61606,-24,-184.615,-19.332,0.0500000000000007,9.9255578
8.4,600,0.6,61582,-24,-184.615,-19.332,0.0499999999999989,9.983597
8.45,600,0.6,61559,-23,-176.923,-18.527,0.0500000000000007,10.0170996
8.5,600,0.6,61535,-24,-184.615,-19.332,0.0500000000000007,10.0688266
8.55,600,0.6,61511,-24,-184.615,-19.332,0.0499999999999989,10.1149829
8.6,600,0.6,61487,-24,-184.615,-19.332,0.0500000000000007,10.1694562
8.65,600,0.6,61464,-23,-176.923,-18.527,0.0500000000000007,10.2509647
8.7,600,0.6,61440,-24,-184.615,-19.332,0.0499999999999989,10.2777413
8.75,600,0.6,61416,-24,-184.615,-19.332,0.0500000000000007,10.340504
8.8,600,0.6,61392,-24,-184.615,-19.332,0.0499999999999989,10.3672507
8.85,600,0.6,61369,-23,-176.923,-18.527,0.0500000000000007,10.4294423
8.9,600,0.6,61346,-23,-176.923,-18.527,0.0500000000000007,10.4784397
8.95,600,0.6,61322,-24,-184.615,-19.332,0.0499999999999989,10.5253022
9,600,0.6,61298,-24,-184.615,-19.332,0.0500000000000007,10.6080779
9.05,600,0.6,61274,-24,-184.615,-19.332,0.0499999999999989,10.6184539
9.1,600,0.6,61251,-23,-176.923,-18.527,0.0500000000000007,10.6973057
9.15,600,0.6,61227,-24,-184.615,-19.332,0.0500000000000007,10.7218892
9.2,600,0.6,61204,-23,-176.923,-18.527,0.0499999999999989,10.7913889
9.25,600,0.6,61180,-24,-184.615,-19.332,0.0500000000000007,10.8169173
9.3,600,0.6,61156,-24,-184.615,-19.332,0.0499999999999989,10.8798748
9.35,600,0.6,61132,-24,-184.615,-19.332,0.0500000000000007,10.9270705
9.4,600,0.6,61108,-24,-184.615,-19.332,0.0500000000000007,10.9737613
9.45,600,0.6,61084,-24,-184.615,-19.332,0.0499999999999989,11.0203707
9.5,600,0.6,61061,-23,-176.923,-18.527,0.0500000000000007,11.0683398
9.55,600,0.6,61037,-24,-184.615,-19.332,0.0499999999999989,11.1452803
9.6,600,0.6,61014,-23,-176.923,-18.527,0.0500000000000007,11.1771636
9.65,600,0.6,60990,-24,-184.615,-19.332,0.0500000000000007,11.2332469
9.7,600,0.6,60966,-24,-184.615,-19.332,0.0499999999999989,11.2758796
9.75,600,0.6,60943,-23,-176.923,-18.527,0.0500000000000007,11.3242476
9.8,600,0.6,60919,-24,-184.615,-19.332,0.0499999999999989,11.3712205
9.85,600,0.6,60896,-23,-176.923,-18.527,0.0500000000000007,11.4188352
9.9,600,0.6,60872,-24,-184.615,-19.332,0.0500000000000007,11.4985589
9.95,600,0.6,60848,-24,-184.615,-19.332,0.0499999999999989,11.5166545
10,600,0.6,60824,-24,-184.615,-19.332,0.0500000000000007,11.5894782
10.05,600,0.6,60801,-23,-176.923,-18.527,0.0499999999999989,11.6265526
10.1,600,0.6,60777,-24,-184.615,-19.332,0.0500000000000007,11.6791325
10.15,600,0.6,60754,-23,-176.923,-18.527,0.0500000000000007,11.7182355
10.2,600,0.6,60730,-24,-184.615,-19.332,0.0499999999999989,11.7675618
10.25,600,0.6,60706,-24,-184.615,-19.332,0.0500000000000007,11.8538345
10.3,600,0.6,60682,-24,-184.615,-19.332,0.0499999999999989,11.8779193
10.35,600,0.6,60658,-24,-184.615,-19.332,0.0500000000000007,11.9461032
10.4,600,0.6,60634,-24,-184.615,-19.332,0.0500000000000007,11.9725989
10.45,600,0.6,60611,-23,-176.923,-18.527,0.0499999999999989,12.0326971
10.5,600,0.6,60587,-24,-184.615,-19.332,0.0500000000000007,12.0647644
10.55,600,0.6,60564,-23,-176.923,-18.527,0.0499999999999989,12.1264103
10.6,600,0.6,60540,-24,-184.615,-19.332,0.0500000000000007,12.2108635
10.65,600,0.6,60516,-24,-184.615,-19.332,0.0500000000000007,12.2193232
10.7,600,0.6,60493,-23,-176.923,-18.527,0.0499999999999989,12.3011062
10.75,600,0.6,60469,-24,-184.615,-19.332,0.0500000000000007,12.3293119
10.8,600,0.6,60445,-24,-184.615,-19.332,0.0499999999999989,12.3888164
10.85,600,0.6,60422,-23,-176.923,-18.527,0.0500000000000007,12.4229835
10.9,600,0.6,60398,-24,-184.615,-19.332,0.0500000000000007,12.479432
10.95,600,0.6,60374,-24,-184.615,-19.332,0.0499999999999989,12.5700598
11,600,0.6,60351,-23,-176.923,-18.527,0.0500000000000007,12.5758283
11.05,600,0.6,60327,-24,-184.615,-19.332,0.0499999999999989,12.6588576
11.1,600,0.6,60304,-23,-176.923,-18.527,0.0500000000000007,12.6701828
11.15,600,0.6,60280,-24,-184.615,-19.332,0.0500000000000007,12.7499706
11.2,600,0.6,60256,-24,-184.615,-19.332,0.0499999999999989,12.7644307
11.25,600,0.6,60232,-24,-184.615,-19.332,0.0500000000000007,12.8417529
11.3,600,0.6,60208,-24,-184.615,-19.332,0.0499999999999989,12.8651606
11.35,600,0.6,60184,-24,-184.615,-19.332,0.0500000000000007,12.9317004
11.4,600,0.6,60161,-23,-176.923,-18.527,0.0500000000000007,12.965416
11.45,600,0.6,60137,-24,-184.615,-19.332,0.0499999999999989,13.0275354
11.5,600,0.6,60114,-23,-176.923,-18.527,0.0500000000000007,13.1154399
11.55,600,0.6,60090,-24,-184.615,-19.332,0.0499999999999989,13.1218155
11.6,600,0.6,60066,-24,-184.615,-19.332,0.0500000000000007,13.211421
11.65,600,0.6,60042,-24,-184.615,-19.332,0.0500000000000007,13.2153525
11.7,600,0.6,60019,-23,-176.923,-18.527,0.0499999999999989,13.3081318
11.75,600,0.6,59996,-23,-176.923,-18.527,0.0500000000000007,13.3219562
11.8,600,0.6,59972,-24,-184.615,-19.332,0.0499999999999989,13.4008452
11.85,600,0.6,59948,-24,-184.615,-19.332,0.0500000000000007,13.4247466
11.9,600,0.6,59925,-23,-176.923,-18.527,0.0500000000000007,13.4907252
11.95,600,0.6,59901,-24,-184.615,-19.332,0.0499999999999989,13.5194484
12,600,0.6,59877,-24,-184.615,-19.332,0.0500000000000007,13.5821381
12.05,600,0.6,59854,-23,-176.923,-18.527,0.0499999999999989,13.6272123
12.1,600,0.6,59830,-24,-184.615,-19.332,0.0500000000000007,13.6743838
12.15,600,0.6,59806,-24,-184.615,-19.332,0.0500000000000007,13.7205603
12.2,600,0.6,59782,-24,-184.615,-19.332,0.0499999999999989,13.7675247
12.25,600,0.6,59758,-24,-184.615,-19.332,0.0500000000000007,13.8151927
12.3,600,0.6,59735,-23,-176.923,-18.527,0.0499999999999989,13.8770971
12.35,600,0.6,59712,-23,-176.923,-18.527,0.0500000000000007,13.9509312
12.4,600,0.6,59688,-24,-184.615,-19.332,0.0500000000000007,13.9721535
12.45,600,0.6,59664,-24,-184.615,-19.332,0.0499999999999989,14.0450315
12.5,601,0.601,59640,-24,-184.615,-19.332,0.0500000000000007,14.0671077
12.55,602,0.602,59617,-23,-176.923,-18.527,0.0499999999999989,14.1346358
12.6,603,0.603,59594,-23,-176.923,-18.527,0.0500000000000007,14.1763018
12.65,605,0.605,59570,-24,-184.615,-19.332,0.0500000000000007,14.2245202
12.7,606,0.606,59546,-24,-184.615,-19.332,0.0499999999999989,14.2706145
12.75,607,0.607,59522,-24,-184.615,-19.332,0.0500000000000007,14.3194556
12.8,609,0.609,59498,-24,-184.615,-19.332,0.0499999999999989,14.4096419
12.85,610,0.61,59474,-24,-184.615,-19.332,0.0500000000000007,14.4146294
12.9,611,0.611,59450,-24,-184.615,-19.332,0.0500000000000007,14.5005211
12.95,613,0.613,59426,-24,-184.615,-19.332,0.0499999999999989,14.5211564
13,614,0.614,59401,-25,-192.307,-20.138,0.0500000000000007,14.5992546
13.05,615,0.615,59377,-24,-184.615,-19.332,0.0499999999999989,14.6150327
13.1,617,0.617,59352,-25,-192.307,-20.138,0.0500000000000007,14.6906852
13.15,618,0.618,59328,-24,-184.615,-19.332,0.0500000000000007,14.7294497
13.2,620,0.62,59304,-24,-184.615,-19.332,0.0499999999999989,14.7829287
13.25,621,0.621,59279,-25,-192.307,-20.138,0.0500000000000007,14.815173
13.3,622,0.622,59255,-24,-184.615,-19.332,0.0499999999999989,14.8774924
13.35,624,0.624,59230,-25,-192.307,-20.138,0.0500000000000007,14.9253689
13.4,625,0.625,59206,-24,-184.615,-19.332,0.0500000000000007,14.9717987
13.45,627,0.627,59181,-25,-192.307,-20.138,0.0499999999999989,15.0196656
13.5,628,0.628,59156,-25,-192.307,-20.138,0.0500000000000007,15.0666238
13.55,630,0.63,59131,-25,-192.307,-20.138,0.0499999999999989,15.149681
13.6,631,0.631,59106,-25,-192.307,-20.138,0.0500000000000007,15.1663424
13.65,633,0.633,59081,-25,-192.307,-20.138,0.0500000000000007,15.2401992
13.7,634,0.634,59056,-25,-192.307,-20.138,0.0499999999999989,15.2752747
13.75,636,0.636,59030,-26,-200,-20.943,0.0500000000000007,15.3267526
13.8,637,0.637,59005,-25,-192.307,-20.138,0.0499999999999989,15.3694567
13.85,639,0.639,58980,-25,-192.307,-20.138,0.0500000000000007,15.4159497
13.9,640,0.64,58954,-26,-200,-20.943,0.0500000000000007,15.4999621
13.95,642,0.642,58928,-26,-200,-20.943,0.0499999999999989,15.5232944
14,643,0.643,58904,-24,-184.615,-19.332,0.0500000000000007,15.5875216
14.05,645,0.645,58878,-26,-200,-20.943,0.0499999999999989,15.6160991
14.1,646,0.646,58852,-26,-200,-20.943,0.0500000000000007,15.6784068
14.15,648,0.648,58826,-26,-200,-20.943,0.0500000000000007,15.7252137
14.2,649,0.649,58800,-26,-200,-20.943,0.0499999999999989,15.7719655
14.25,651,0.651,58775,-25,-192.307,-20.138,0.0500000000000007,15.854257
14.3,653,0.653,58749,-26,-200,-20.943,0.0499999999999989,15.8653455
14.35,654,0.654,58723,-26,-200,-20.943,0.0500000000000007,15.9536307
14.4,656,0.656,58697,-26,-200,-20.943,0.0500000000000007,15.9741534
14.45,657,0.657,58670,-27,-207.692,-21.749,0.0499999999999989,16.0492065
14.5,659,0.659,58644,-26,-200,-20.943,0.0500000000000007,16.0750721
14.55,661,0.661,58618,-26,-200,-20.943,0.0499999999999989,16.1458313
14.6,662,0.662,58591,-27,-207.692,-21.749,0.0500000000000007,16.1665695
14.65,664,0.664,58564,-27,-207.692,-21.749,0.0500000000000007,16.2347472
14.7,665,0.665,58538,-26,-200,-20.943,0.0499999999999989,16.2662028
14.75,667,0.667,58512,-26,-200,-20.943,0.0500000000000007,16.3193476
14.8,669,0.669,58485,-27,-207.692,-21.749,0.0499999999999989,16.3661749
14.85,670,0.67,58458,-27,-207.692,-21.749,0.0500000000000007,16.4218562
14.9,672,0.672,58432,-26,-200,-20.943,0.0500000000000007,16.4933979
14.95,674,0.674,58404,-28,-215.384,-22.555,0.0499999999999989,16.5157654
15,675,0.675,58378,-26,-200,-20.943,0.0500000000000007,16.5807032
15.05,677,0.677,58350,-28,-215.384,-22.555,0.0499999999999989,16.6222167
15.1,679,0.679,58324,-26,-200,-20.943,0.0500000000000007,16.6777545
15.15,680,0.68,58296,-28,-215.384,-22.555,0.0500000000000007,16.7574344
15.2,682,0.682,58268,-28,-215.384,-22.555,0.0499999999999989,16.7667847
15.25,684,0.684,58241,-27,-207.692,-21.749,0.0500000000000007,16.844806
15.3,685,0.685,58214,-27,-207.692,-21.749,0.0499999999999989,16.875541
15.35,687,0.687,58186,-28,-215.384,-22.555,0.0500000000000007,16.9335595
15.4,689,0.689,58158,-28,-215.384,-22.555,0.0500000000000007,16.9684377
15.45,690,0.69,58130,-28,-215.384,-22.555,0.0499999999999989,17.0194096
15.5,692,0.692,58102,-28,-215.384,-22.555,0.0500000000000007,17.0672584
15.55,694,0.694,58075,-27,-207.692,-21.749,0.0499999999999989,17.1149734
15.6,695,0.695,58047,-28,-215.384,-22.555,0.0500000000000007,17.1917765
15.65,697,0.697,58019,-28,-215.384,-22.555,0.0500000000000007,17.2251457
15.7,699,0.699,57991,-28,-215.384,-22.555,0.0499999999999989,17.2809637
15.75,700,0.7,57963,-28,-215.384,-22.555,0.0500000000000007,17.3194277
15.8,702,0.702,57934,-29,-223.076,-23.36,0.0499999999999989,17.3703041
15.85,704,0.704,57906,-28,-215.384,-22.555,0.0500000000000007,17.4597451
15.9,705,0.705,57878,-28,-215.384,-22.555,0.0500000000000007,17.4737692
15.95,707,0.707,57849,-29,-223.076,-23.36,0.0499999999999989,17.5493316
16,709,0.709,57820,-29,-223.076,-23.36,0.0500000000000007,17.5674033
16.05,710,0.71,57792,-28,-215.384,-22.555,0.0500000000000007,17.6382383
16.1,712,0.712,57763,-29,-223.076,-23.36,0.0499999999999972,17.6669184
16.15,714,0.714,57734,-29,-223.076,-23.36,0.0500000000000007,17.7276778
16.2,715,0.715,57705,-29,-223.076,-23.36,0.0500000000000007,17.8129646
16.25,717,0.717,57676,-29,-223.076,-23.36,0.0500000000000007,17.8135541
16.3,719,0.719,57648,-28,-215.384,-22.555,0.0500000000000007,17.898177
16.35,720,0.72,57618,-30,-230.769,-24.166,0.0499999999999972,17.9224982
16.4,722,0.722,57589,-29,-223.076,-23.36,0.0500000000000007,17.9876843
16.45,724,0.724,57560,-29,-223.076,-23.36,0.0500000000000007,18.0294539
16.5,725,0.725,57530,-30,-230.769,-24.166,0.0500000000000007,18.0763788
16.55,727,0.727,57502,-28,-215.384,-22.555,0.0500000000000007,18.1229545
16.6,729,0.729,57472,-30,-230.769,-24.166,0.0499999999999972,18.165431
16.65,730,0.73,57442,-30,-230.769,-24.166,0.0500000000000007,18.2513799
16.7,732,0.732,57412,-30,-230.769,-24.166,0.0500000000000007,18.2733229
16.75,733,0.733,57382,-30,-230.769,-24.166,0.0500000000000007,18.3389421
16.8,735,0.735,57352,-30,-230.769,-24.166,0.0500000000000007,18.3682844
16.85,737,0.737,57323,-29,-223.076,-23.36,0.0499999999999972,18.4307673
16.9,738,0.738,57293,-30,-230.769,-24.166,0.0500000000000007,18.4751499
16.95,740,0.74,57263,-30,-230.769,-24.166,0.0500000000000007,18.5216237
17,741,0.741,57233,-30,-230.769,-24.166,0.0500000000000007,18.611922
17.05,743,0.743,57203,-30,-230.769,-24.166,0.0500000000000007,18.6179847
17.1,744,0.744,57173,-30,-230.769,-24.166,0.0500000000000007,18.7009724
17.15,746,0.746,57142,-31,-238.461,-24.971,0.0499999999999972,18.7237574
17.2,747,0.747,57112,-30,-230.769,-24.166,0.0500000000000007,18.788902
17.25,749,0.749,57082,-30,-230.769,-24.166,0.0500000000000007,18.8164136
17.3,750,0.75,57051,-31,-238.461,-24.971,0.0500000000000007,18.8765085
17.35,752,0.752,57020,-31,-238.461,-24.971,0.0500000000000007,18.9259715
17.4,753,0.753,56990,-30,-230.769,-24.166,0.0499999999999972,18.9723415
17.45,755,0.755,56959,-31,-238.461,-24.971,0.0500000000000007,19.0513364
17.5,756,0.756,56928,-31,-238.461,-24.971,0.0500000000000007,19.065683
17.55,758,0.758,56897,-31,-238.461,-24.971,0.0500000000000007,19.1367933
17.6,759,0.759,56866,-31,-238.461,-24.971,0.0500000000000007,19.1730786
17.65,760,0.76,56836,-30,-230.769,-24.166,0.0499999999999972,19.2234825
17.7,762,0.762,56804,-32,-246.153,-25.777,0.0500000000000007,19.26859
17.75,763,0.763,56774,-30,-230.769,-24.166,0.0500000000000007,19.3296407
17.8,765,0.765,56742,-32,-246.153,-25.777,0.0500000000000007,19.3966623
17.85,766,0.766,56711,-31,-238.461,-24.971,0.0500000000000007,19.4148944
17.9,767,0.767,56680,-31,-238.461,-24.971,0.0499999999999972,19.4839553
17.95,768,0.768,56648,-32,-246.153,-25.777,0.0500000000000007,19.524969
18,770,0.77,56617,-31,-238.461,-24.971,0.0500000000000007,19.5744149
18.05,771,0.771,56585,-32,-246.153,-25.777,0.0500000000000007,19.6201679
18.1,772,0.772,56554,-31,-238.461,-24.971,0.0500000000000007,19.6662168
18.15,773,0.773,56522,-32,-246.153,-25.777,0.0499999999999972,19.7476057
18.2,775,0.775,56490,-32,-246.153,-25.777,0.0500000000000007,19.7764879
18.25,776,0.776,56458,-32,-246.153,-25.777,0.0500000000000007,19.8346078
18.3,777,0.777,56427,-31,-238.461,-24.971,0.0500000000000007,19.8706505
18.35,778,0.778,56395,-32,-246.153,-25.777,0.0500000000000007,19.9203415
18.4,779,0.779,56363,-32,-246.153,-25.777,0.0499999999999972,19.9659757
18.45,780,0.78,56331,-32,-246.153,-25.777,0.0500000000000007,20.0278533
18.5,781,0.781,56300,-31,-238.461,-24.971,0.0500000000000007,20.098834
18.55,782,0.782,56268,-32,-246.153,-25.777,0.0500000000000007,20.1216698
18.6,783,0.783,56236,-32,-246.153,-25.777,0.0500000000000007,20.1841425
18.65,784,0.784,56203,-33,-253.846,-26.582,0.0499999999999972,20.2242775
18.7,785,0.785,56171,-32,-246.153,-25.777,0.0500000000000007,20.2705711
18.75,786,0.786,56138,-33,-253.846,-26.582,0.0500000000000007,20.3185182
18.8,787,0.787,56106,-32,-246.153,-25.777,0.0500000000000007,20.3763287
18.85,788,0.788,56074,-32,-246.153,-25.777,0.0500000000000007,20.4537501
18.9,789,0.789,56042,-32,-246.153,-25.777,0.0499999999999972,20.4705752
18.95,790,0.79,56010,-32,-246.153,-25.777,0.0500000000000007,20.5406262
19,790,0.79,55977,-33,-253.846,-26.582,0.0500000000000007,20.5647344
19.05,791,0.791,55944,-33,-253.846,-26.582,0.0500000000000007,20.6311613
19.1,792,0.792,55912,-32,-246.153,-25.777,0.0500000000000007,20.6703404
19.15,793,0.793,55880,-32,-246.153,-25.777,0.0499999999999972,20.7180815
19.2,793,0.793,55848,-32,-246.153,-25.777,0.0500000000000007,20.7640551
19.25,794,0.794,55814,-34,-261.538,-27.388,0.0500000000000007,20.8258198
19.3,795,0.795,55782,-32,-246.153,-25.777,0.0500000000000007,20.8994837
19.35,795,0.795,55749,-33,-253.846,-26.582,0.0500000000000007,20.919353
19.4,796,0.796,55716,-33,-253.846,-26.582,0.0499999999999972,20.9871481
19.45,796,0.796,55684,-32,-246.153,-25.777,0.0500000000000007,21.0211222
19.5,797,0.797,55651,-33,-253.846,-26.582,0.0500000000000007,21.0726201
19.55,797,0.797,55618,-33,-253.846,-26.582,0.0500000000000007,21.1588075
19.6,798,0.798,55586,-32,-246.153,-25.777,0.0500000000000007,21.1748092
19.65,798,0.798,55552,-34,-261.538,-27.388,0.0499999999999972,21.2447312
19.7,798,0.798,55520,-32,-246.153,-25.777,0.0500000000000007,21.2695375
19.75,799,0.799,55487,-33,-253.846,-26.582,0.0500000000000007,21.332664
19.8,799,0.799,55454,-33,-253.846,-26.582,0.0500000000000007,21.3671301
19.85,799,0.799,55421,-33,-253.846,-26.582,0.0500000000000007,21.4213536
19.9,799,0.799,55388,-33,-253.846,-26.582,0.0499999999999972,21.5085413
19.95,799,0.799,55355,-33,-253.846,-26.582,0.0500000000000007,21.5200538
20,799,0.799,55322,-33,-253.846,-26.582,0.0500000000000007,21.5952743
20.05,799,0.799,55289,-33,-253.846,-26.582,0.0500000000000007,21.6283171
20.1,799,0.799,55256,-33,-253.846,-26.582,0.0500000000000007,21.683366
20.15,799,0.799,55224,-32,-246.153,-25.777,0.0499999999999972,21.7220115
20.2,799,0.799,55191,-33,-253.846,-26.582,0.0500000000000007,21.7698876
20.25,799,0.799,55158,-33,-253.846,-26.582,0.0500000000000007,21.8159868
20.3,799,0.799,55125,-33,-253.846,-26.582,0.0500000000000007,21.8692279
20.35,799,0.799,55092,-33,-253.846,-26.582,0.0500000000000007,21.9521344
20.4,799,0.799,55060,-32,-246.153,-25.777,0.0499999999999972,21.9774123
20.45,799,0.799,55026,-34,-261.538,-27.388,0.0500000000000007,22.0410416
20.5,798,0.798,54994,-32,-246.153,-25.777,0.0500000000000007,22.0694599
20.55,798,0.798,54960,-34,-261.538,-27.388,0.0500000000000007,22.1275801
20.6,797,0.797,54928,-32,-246.153,-25.777,0.0500000000000007,22.1765713
20.65,797,0.797,54894,-34,-261.538,-27.388,0.0499999999999972,22.2250147
20.7,797,0.797,54862,-32,-246.153,-25.777,0.0500000000000007,22.3003814
20.75,796,0.796,54829,-33,-253.846,-26.582,0.0500000000000007,22.3178291
20.8,795,0.795,54796,-33,-253.846,-26.582,0.0500000000000007,22.38653
20.85,795,0.795,54764,-32,-246.153,-25.777,0.0500000000000007,22.4271603
20.9,794,0.794,54731,-33,-253.846,-26.582,0.0499999999999972,22.475492
20.95,793,0.793,54698,-33,-253.846,-26.582,0.0500000000000007,22.5179024
21,793,0.793,54666,-32,-246.153,-25.777,0.0500000000000007,22.5654564
21.05,792,0.792,54634,-32,-246.153,-25.777,0.0500000000000007,22.6505217
21.1,791,0.791,54601,-33,-253.846,-26.582,0.0500000000000007,22.675467
21.15,790,0.79,54568,-33,-253.846,-26.582,0.0499999999999972,22.7416267
21.2,789,0.789,54535,-33,-253.846,-26.582,0.0500000000000007,22.7707956
21.25,788,0.788,54503,-32,-246.153,-25.777,0.0500000000000007,22.8306437
21.3,787,0.787,54470,-33,-253.846,-26.582,0.0500000000000007,22.8638597
21.35,786,0.786,54438,-32,-246.153,-25.777,0.0500000000000007,22.9190298
21.4,785,0.785,54406,-32,-246.153,-25.777,0.0499999999999972,23.0071638
21.45,784,0.784,54374,-32,-246.153,-25.777,0.0500000000000007,23.0164892
21.5,782,0.782,54342,-32,-246.153,-25.777,0.0500000000000007,23.0939704
21.55,781,0.781,54310,-32,-246.153,-25.777,0.0500000000000007,23.1203533
21.6,780,0.78,54278,-32,-246.153,-25.777,0.0500000000000007,23.1850226
21.65,778,0.778,54246,-32,-246.153,-25.777,0.0499999999999972,23.2156692
21.7,777,0.777,54214,-32,-246.153,-25.777,0.0500000000000007,23.2780274
21.75,775,0.775,54182,-32,-246.153,-25.777,0.0500000000000007,23.3585599
21.8,774,0.774,54150,-32,-246.153,-25.777,0.0500000000000007,23.3702967
21.85,772,0.772,54118,-32,-246.153,-25.777,0.0500000000000007,23.4464418
21.9,771,0.771,54086,-32,-246.153,-25.777,0.0499999999999972,23.4640764
21.95,769,0.769,54054,-32,-246.153,-25.777,0.0500000000000007,23.5328529
22,767,0.767,54023,-31,-238.461,-24.971,0.0500000000000007,23.5674197
22.05,766,0.766,53992,-31,-238.461,-24.971,0.0500000000000007,23.6217
22.1,764,0.764,53960,-32,-246.153,-25.777,0.0500000000000007,23.6631083
22.15,762,0.762,53929,-31,-238.461,-24.971,0.0499999999999972,23.724877
22.2,760,0.76,53898,-31,-238.461,-24.971,0.0500000000000007,23.7963261
22.25,758,0.758,53867,-31,-238.461,-24.971,0.0500000000000007,23.8177952
22.3,756,0.756,53836,-31,-238.461,-24.971,0.0500000000000007,23.8833342
22.35,754,0.754,53805,-31,-238.461,-24.971,0.0500000000000007,23.9179188
22.4,752,0.752,53774,-31,-238.461,-24.971,0.0499999999999972,23.9797139
22.45,749,0.749,53743,-31,-238.461,-24.971,0.0500000000000007,24.0277737
22.5,747,0.747,53712,-31,-238.461,-24.971,0.0500000000000007,24.0737753
22.55,745,0.745,53682,-30,-230.769,-24.166,0.0500000000000007,24.1548379
22.6,743,0.743,53651,-31,-238.461,-24.971,0.0500000000000007,24.1658739
22.65,740,0.74,53621,-30,-230.769,-24.166,0.0499999999999972,24.2451253
22.7,738,0.738,53591,-30,-230.769,-24.166,0.0500000000000007,24.2773619
22.75,735,0.735,53561,-30,-230.769,-24.166,0.0500000000000007,24.3359283
22.8,733,0.733,53531,-30,-230.769,-24.166,0.0500000000000007,24.3719508
22.85,730,0.73,53501,-30,-230.769,-24.166,0.0500000000000007,24.4245896
22.9,728,0.728,53471,-30,-230.769,-24.166,0.0499999999999972,24.4649325
22.95,725,0.725,53442,-29,-223.076,-23.36,0.0500000000000007,24.5272013
23,722,0.722,53412,-30,-230.769,-24.166,0.0500000000000007,24.5984419
23.05,720,0.72,53383,-29,-223.076,-23.36,0.0500000000000007,24.6201915
23.1,717,0.717,53353,-30,-230.769,-24.166,0.0500000000000007,24.6874622
23.15,714,0.714,53324,-29,-223.076,-23.36,0.0499999999999972,24.716731
23.2,711,0.711,53295,-29,-223.076,-23.36,0.0500000000000007,24.7757489
23.25,708,0.708,53266,-29,-223.076,-23.36,0.0500000000000007,24.8647187
23.3,705,0.705,53237,-29,-223.076,-23.36,0.0500000000000007,24.8728879
23.35,702,0.702,53208,-29,-223.076,-23.36,0.0500000000000007,24.9555532
23.4,699,0.699,53180,-28,-215.384,-22.555,0.0499999999999972,24.9665005
23.45,696,0.696,53152,-28,-215.384,-22.555,0.0500000000000007,25.0423904
23.5,693,0.693,53124,-28,-215.384,-22.555,0.0500000000000007,25.0763508
23.55,690,0.69,53096,-28,-215.384,-22.555,0.0500000000000007,25.1288041
23.6,687,0.687,53068,-28,-215.384,-22.555,0.0500000000000007,25.1648673
23.65,684,0.684,53040,-28,-215.384,-22.555,0.0499999999999972,25.2269126
23.7,680,0.68,53012,-28,-215.384,-22.555,0.0500000000000007,25.3035089
23.75,677,0.677,52985,-27,-207.692,-21.749,0.0500000000000007,25.3250424
23.8,674,0.674,52958,-27,-207.692,-21.749,0.0500000000000007,25.3905997
23.85,670,0.67,52930,-28,-215.384,-22.555,0.0500000000000007,25.4182576
23.9,667,0.667,52903,-27,-207.692,-21.749,0.0499999999999972,25.4814931
23.95,664,0.664,52876,-27,-207.692,-21.749,0.0500000000000007,25.5210358
24,660,0.66,52850,-26,-200,-20.943,0.0500000000000007,25.5707022
24.05,657,0.657,52823,-27,-207.692,-21.749,0.0500000000000007,25.6130928
24.1,653,0.653,52796,-27,-207.692,-21.749,0.0500000000000007,25.6686611
24.15,650,0.65,52770,-26,-200,-20.943,0.0499999999999972,25.7447466
24.2,646,0.646,52744,-26,-200,-20.943,0.0500000000000007,25.7731263
24.25,642,0.642,52718,-26,-200,-20.943,0.0500000000000007,25.8363848
24.3,639,0.639,52693,-25,-192.307,-20.138,0.0500000000000007,25.8661218
24.35,635,0.635,52667,-26,-200,-20.943,0.0500000000000007,25.9270151
24.4,631,0.631,52642,-25,-192.307,-20.138,0.0499999999999972,25.9658723
24.45,628,0.628,52617,-25,-192.307,-20.138,0.0500000000000007,26.0280054
24.5,624,0.624,52592,-25,-192.307,-20.138,0.0500000000000007,26.0996967
24.55,620,0.62,52566,-26,-200,-20.943,0.0500000000000007,26.1259384
24.6,617,0.617,52542,-24,-184.615,-19.332,0.0500000000000007,26.1881978
24.65,613,0.613,52517,-25,-192.307,-20.138,0.0499999999999972,26.2148187
24.7,609,0.609,52492,-25,-192.307,-20.138,0.0500000000000007,26.2769158
24.75,605,0.605,52468,-24,-184.615,-19.332,0.0500000000000007,26.3616282
24.8,601,0.601,52444,-24,-184.615,-19.332,0.0500000000000007,26.372421
24.85,598,0.598,52420,-24,-184.615,-19.332,0.0500000000000007,26.449058
24.9,594,0.594,52396,-24,-184.615,-19.332,0.0499999999999972,26.4661429
24.95,590,0.59,52373,-23,-176.923,-18.527,0.0500000000000007,26.5382503
25,586,0.586,52350,-23,-176.923,-18.527,0.0500000000000007,26.5639986
25.05,582,0.582,52326,-24,-184.615,-19.332,0.0500000000000007,26.6268991
25.1,578,0.578,52304,-22,-169.23,-17.721,0.0500000000000007,26.7177321
25.15,575,0.575,52281,-23,-176.923,-18.527,0.0499999999999972,26.7231646
25.2,571,0.571,52258,-23,-176.923,-18.527,0.0500000000000007,26.8092077
25.25,567,0.567,52236,-22,-169.23,-17.721,0.0500000000000007,26.8167208
25.3,563,0.563,52214,-22,-169.23,-17.721,0.0500000000000007,26.8957268
25.35,559,0.559,52192,-22,-169.23,-17.721,0.0500000000000007,26.925447
25.4,555,0.555,52170,-22,-169.23,-17.721,0.0499999999999972,26.9836565
25.45,551,0.551,52148,-22,-169.23,-17.721,0.0500000000000007,27.0194642
25.5,548,0.548,52126,-22,-169.23,-17.721,0.0500000000000007,27.0752156
25.55,544,0.544,52105,-21,-161.538,-16.916,0.0500000000000007,27.1575438
25.6,540,0.54,52084,-21,-161.538,-16.916,0.0500000000000007,27.1718795
25.65,536,0.536,52062,-22,-169.23,-17.721,0.0499999999999972,27.243733
25.7,532,0.532,52042,-20,-153.846,-16.11,0.0500000000000007,27.2651788
25.75,529,0.529,52021,-21,-161.538,-16.916,0.0500000000000007,27.3314362
25.8,525,0.525,52000,-21,-161.538,-16.916,0.0500000000000007,27.3731968
25.85,521,0.521,51980,-20,-153.846,-16.11,0.0500000000000007,27.4187369
25.9,518,0.518,51960,-20,-153.846,-16.11,0.0499999999999972,27.5081251
25.95,514,0.514,51940,-20,-153.846,-16.11,0.0500000000000007,27.523658
26,510,0.51,51921,-19,-146.153,-15.305,0.0500000000000007,27.5980245
26.05,507,0.507,51901,-20,-153.846,-16.11,0.0500000000000007,27.6231433
26.1,503,0.503,51882,-19,-146.153,-15.305,0.0500000000000007,27.6911184
26.15,500,0.5,51862,-20,-153.846,-16.11,0.0499999999999972,27.7166526
26.2,496,0.496,51843,-19,-146.153,-15.305,0.0500000000000007,27.7803329
26.25,492,0.492,51824,-19,-146.153,-15.305,0.0500000000000007,27.8208368
26.3,489,0.489,51806,-18,-138.461,-14.499,0.0500000000000007,27.8697252
26.35,486,0.486,51787,-19,-146.153,-15.305,0.0500000000000007,27.9135002
26.4,482,0.482,51769,-18,-138.461,-14.499,0.0499999999999972,27.9746507
26.45,479,0.479,51750,-19,-146.153,-15.305,0.0500000000000007,28.0475114
26.5,476,0.476,51732,-18,-138.461,-14.499,0.0500000000000007,28.0641466
26.55,472,0.472,51714,-18,-138.461,-14.499,0.0500000000000007,28.136044
26.6,469,0.469,51696,-18,-138.461,-14.499,0.0500000000000007,28.1756063
26.65,466,0.466,51678,-18,-138.461,-14.499,0.0499999999999972,28.2262395
26.7,463,0.463,51660,-18,-138.461,-14.499,0.0500000000000007,28.2736781
26.75,460,0.46,51642,-18,-138.461,-14.499,0.0500000000000007,28.319629
26.8,457,0.457,51626,-16,-123.076,-12.888,0.0500000000000007,28.3982092
26.85,454,0.454,51608,-18,-138.461,-14.499,0.0500000000000007,28.413057
26.9,451,0.451,51592,-16,-123.076,-12.888,0.0499999999999972,28.4835537
26.95,448,0.448,51574,-18,-138.461,-14.499,0.0500000000000007,28.5220726
27,446,0.446,51558,-16,-123.076,-12.888,0.0500000000000007,28.5716837
27.05,443,0.443,51542,-16,-123.076,-12.888,0.0500000000000007,28.6153051
27.1,440,0.44,51526,-16,-123.076,-12.888,0.0500000000000007,28.6664203
27.15,438,0.438,51509,-17,-130.769,-13.694,0.0499999999999972,28.7464164
27.2,435,0.435,51492,-17,-130.769,-13.694,0.0500000000000007,28.7749804
27.25,433,0.433,51476,-16,-123.076,-12.888,0.0500000000000007,28.8313281
27.3,430,0.43,51460,-16,-123.076,-12.888,0.0500000000000007,28.8674025
27.35,428,0.428,51445,-15,-115.384,-12.083,0.0500000000000007,28.9190409
27.4,426,0.426,51430,-15,-115.384,-12.083,0.0499999999999972,29.0079299
27.45,424,0.424,51414,-16,-123.076,-12.888,0.0500000000000007,29.0231622
27.5,422,0.422,51398,-16,-123.076,-12.888,0.0500000000000007,29.0947969
27.55,420,0.42,51383,-15,-115.384,-12.083,0.0500000000000007,29.1161611
27.6,418,0.418,51368,-15,-115.384,-12.083,0.0500000000000007,29.1833927
27.65,416,0.416,51352,-16,-123.076,-12.888,0.0499999999999972,29.225852
27.7,414,0.414,51336,-16,-123.076,-12.888,0.0500000000000007,29.2727654
27.75,413,0.413,51322,-14,-107.692,-11.277,0.0500000000000007,29.3557421
27.8,411,0.411,51306,-16,-123.076,-12.888,0.0500000000000007,29.3710004
27.85,410,0.41,51291,-15,-115.384,-12.083,0.0500000000000007,29.4429005
27.9,408,0.408,51276,-15,-115.384,-12.083,0.0499999999999972,29.4750931
27.95,407,0.407,51261,-15,-115.384,-12.083,0.0500000000000007,29.5317433
28,406,0.406,51246,-15,-115.384,-12.083,0.0500000000000007,29.5683939
28.05,405,0.405,51232,-14,-107.692,-11.277,0.0500000000000007,29.6218937
28.1,404,0.404,51217,-15,-115.384,-12.083,0.0500000000000007,29.6697182
28.15,403,0.403,51202,-15,-115.384,-12.083,0.0499999999999972,29.7181718
28.2,402,0.402,51188,-14,-107.692,-11.277,0.0500000000000007,29.7979704
28.25,402,0.402,51174,-14,-107.692,-11.277,0.0500000000000007,29.8155891
28.3,401,0.401,51159,-15,-115.384,-12.083,0.0500000000000007,29.8889543
28.35,400,0.4,51144,-15,-115.384,-12.083,0.0500000000000007,29.9251147
28.4,400,0.4,51130,-14,-107.692,-11.277,0.0499999999999972,29.979422
28.45,400,0.4,51116,-14,-107.692,-11.277,0.0500000000000007,30.0250101
28.5,400,0.4,51102,-14,-107.692,-11.277,0.0500000000000007,30.069577
28.55,400,0.4,51087,-15,-115.384,-12.083,0.0500000000000007,30.153708
28.6,400,0.4,51073,-14,-107.692,-11.277,0.0500000000000007,30.1668232
28.65,400,0.4,51058,-15,-115.384,-12.083,0.0499999999999972,30.2425852
28.7,400,0.4,51044,-14,-107.692,-11.277,0.0500000000000007,30.276842
28.75,400,0.4,51030,-14,-107.692,-11.277,0.0500000000000007,30.3279625
28.8,401,0.401,51016,-14,-107.692,-11.277,0.0500000000000007,30.3731922
28.85,401,0.401,51001,-15,-115.384,-12.083,0.0500000000000007,30.4203392
28.9,402,0.402,50986,-15,-115.384,-12.083,0.0499999999999972,30.5042772
28.95,403,0.403,50972,-14,-107.692,-11.277,0.0500000000000007,30.5138614
29,404,0.404,50958,-14,-107.692,-11.277,0.0500000000000007,30.6012593
29.05,405,0.405,50943,-15,-115.384,-12.083,0.0500000000000007,30.6196061
29.1,406,0.406,50928,-15,-115.384,-12.083,0.0500000000000007,30.6903291
29.15,407,0.407,50914,-14,-107.692,-11.277,0.0499999999999972,30.7135611
29.2,408,0.408,50898,-16,-123.076,-12.888,0.0500000000000007,30.7745672
29.25,410,0.41,50884,-14,-107.692,-11.277,0.0500000000000007,30.8209546
29.3,411,0.411,50869,-15,-115.384,-12.083,0.0500000000000007,30.8695223
29.35,413,0.413,50854,-15,-115.384,-12.083,0.0500000000000007,30.9580483
29.4,415,0.415,50838,-16,-123.076,-12.888,0.0499999999999972,30.9627727
29.45,416,0.416,50823,-15,-115.384,-12.083,0.0500000000000007,31.0448034
29.5,418,0.418,50808,-15,-115.384,-12.083,0.0500000000000007,31.0708288
29.55,420,0.42,50793,-15,-115.384,-12.083,0.0500000000000007,31.1297246
29.6,423,0.423,50778,-15,-115.384,-12.083,0.0500000000000007,31.1763316
29.65,425,0.425,50762,-16,-123.076,-12.888,0.0499999999999972,31.2232447
29.7,427,0.427,50747,-15,-115.384,-12.083,0.0500000000000007,31.3011685
29.75,430,0.43,50732,-15,-115.384,-12.083,0.0500000000000007,31.3178411
29.8,433,0.433,50716,-16,-123.076,-12.888,0.0500000000000007,31.3914482
29.85,435,0.435,50700,-16,-123.076,-12.888,0.0500000000000007,31.4270288
29.9,438,0.438,50684,-16,-123.076,-12.888,0.0499999999999972,31.4795622
29.95,441,0.441,50668,-16,-123.076,-12.888,0.0500000000000007,31.5215006
30,444,0.444,50652,-16,-123.076,-12.888,0.0500000000000007,31.5684809
30.05,447,0.447,50636,-16,-123.076,-12.888,0.0500000000000007,31.6150063
30.1,450,0.45,50619,-17,-130.769,-13.694,0.0500000000000007,31.6763448
30.15,454,0.454,50602,-17,-130.769,-13.694,0.0499999999999972,31.7412439
30.2,457,0.457,50586,-16,-123.076,-12.888,0.0500000000000007,31.7629866
30.25,461,0.461,50569,-17,-130.769,-13.694,0.0500000000000007,31.8274161
30.3,464,0.464,50552,-17,-130.769,-13.694,0.0500000000000007,31.8720849
30.35,468,0.468,50534,-18,-138.461,-14.499,0.0500000000000007,31.9196553
30.4,472,0.472,50517,-17,-130.769,-13.694,0.0499999999999972,32.0055959
30.45,475,0.475,50499,-18,-138.461,-14.499,0.0500000000000007,32.0117922
30.5,479,0.479,50481,-18,-138.461,-14.499,0.0500000000000007,32.0922866
30.55,483,0.483,50463,-18,-138.461,-14.499,0.0500000000000007,32.1193859
30.6,488,0.488,50444,-19,-146.153,-15.305,0.0500000000000007,32.1787554
30.65,492,0.492,50426,-18,-138.461,-14.499,0.0499999999999972,32.2130963
30.7,496,0.496,50407,-19,-146.153,-15.305,0.0500000000000007,32.2652119
30.75,500,0.5,50388,-19,-146.153,-15.305,0.0500000000000007,32.352917
30.8,505,0.505,50370,-18,-138.461,-14.499,0.0500000000000007,32.3710641
30.85,509,0.509,50350,-20,-153.846,-16.11,0.0500000000000007,32.4402761
30.9,514,0.514,50331,-19,-146.153,-15.305,0.0499999999999972,32.4650289
30.95,518,0.518,50312,-19,-146.153,-15.305,0.0500000000000007,32.5318952
31,523,0.523,50292,-20,-153.846,-16.11,0.0500000000000007,32.5742659
31.05,528,0.528,50272,-20,-153.846,-16.11,0.0500000000000007,32.6220901
31.1,533,0.533,50252,-20,-153.846,-16.11,0.0500000000000007,32.6671339
31.15,537,0.537,50231,-21,-161.538,-16.916,0.0499999999999972,32.7131101
31.2,542,0.542,50210,-21,-161.538,-16.916,0.0500000000000007,32.797046
31.25,547,0.547,50190,-20,-153.846,-16.11,0.0500000000000007,32.818879
31.3,552,0.552,50168,-22,-169.23,-17.721,0.0500000000000007,32.8847613
31.35,557,0.557,50147,-21,-161.538,-16.916,0.0500000000000007,32.9127466
31.4,562,0.562,50126,-21,-161.538,-16.916,0.0499999999999972,32.975057
31.45,567,0.567,50104,-22,-169.23,-17.721,0.0500000000000007,33.0613908
31.5,573,0.573,50081,-23,-176.923,-18.527,0.0500000000000007,33.0738667
31.55,578,0.578,50058,-23,-176.923,-18.527,0.0500000000000007,33.1474912
31.6,583,0.583,50036,-22,-169.23,-17.721,0.0500000000000007,33.1692716
31.65,588,0.588,50013,-23,-176.923,-18.527,0.0499999999999972,33.2360901
31.7,593,0.593,49990,-23,-176.923,-18.527,0.0500000000000007,33.2697171
31.75,599,0.599,49966,-24,-184.615,-19.332,0.0500000000000007,33.3253536
31.8,604,0.604,49943,-23,-176.923,-18.527,0.0500000000000007,33.3622044
31.85,609,0.609,49920,-23,-176.923,-18.527,0.0500000000000007,33.4235064
31.9,614,0.614,49896,-24,-184.615,-19.332,0.0499999999999972,33.5006632
31.95,620,0.62,49872,-24,-184.615,-19.332,0.0500000000000007,33.5246943
32,625,0.625,49847,-25,-192.307,-20.138,0.0499999999999972,33.5872985
32.05,630,0.63,49822,-25,-192.307,-20.138,0.0500000000000078,33.6177074
32.1,635,0.635,49798,-24,-184.615,-19.332,0.0499999999999972,33.6755253
32.15,641,0.641,49772,-26,-200,-20.943,0.0500000000000043,33.7203032
32.2,646,0.646,49747,-25,-192.307,-20.138,0.0499999999999972,33.769258
32.25,651,0.651,49722,-25,-192.307,-20.138,0.0499999999999972,33.8151853
32.3,656,0.656,49695,-27,-207.692,-21.749,0.0500000000000043,33.8609877
32.35,661,0.661,49669,-26,-200,-20.943,0.0499999999999972,33.9460046
32.4,666,0.666,49642,-27,-207.692,-21.749,0.0500000000000043,33.9722074
32.45,671,0.671,49616,-26,-200,-20.943,0.0499999999999972,34.0327838
32.5,676,0.676,49588,-28,-215.384,-22.555,0.0499999999999972,34.0640654
32.55,681,0.681,49562,-26,-200,-20.943,0.0500000000000043,34.1257456
32.6,686,0.686,49534,-28,-215.384,-22.555,0.0499999999999972,34.2071688
32.65,691,0.691,49507,-27,-207.692,-21.749,0.0500000000000043,34.2216528
32.7,696,0.696,49479,-28,-215.384,-22.555,0.0499999999999972,34.296076
32.75,701,0.701,49451,-28,-215.384,-22.555,0.0499999999999972,34.3154387
32.8,705,0.705,49422,-29,-223.076,-23.36,0.0500000000000043,34.3825908
32.85,710,0.71,49394,-28,-215.384,-22.555,0.0499999999999972,34.4250657
32.9,714,0.714,49366,-28,-215.384,-22.555,0.0500000000000043,34.4720977
32.95,719,0.719,49337,-29,-223.076,-23.36,0.0499999999999972,34.561135
33,723,0.723,49308,-29,-223.076,-23.36,0.0499999999999972,34.5654746
33.05,728,0.728,49278,-30,-230.769,-24.166,0.0500000000000043,34.6485604
33.1,732,0.732,49249,-29,-223.076,-23.36,0.0499999999999972,34.6699726
33.15,736,0.736,49219,-30,-230.769,-24.166,0.0500000000000043,34.7369628
33.2,740,0.74,49189,-30,-230.769,-24.166,0.0499999999999972,34.7634205
33.25,744,0.744,49159,-30,-230.769,-24.166,0.0499999999999972,34.8314699
33.3,747,0.747,49129,-30,-230.769,-24.166,0.0500000000000043,34.8721152
33.35,751,0.751,49098,-31,-238.461,-24.971,0.0499999999999972,34.9269335
33.4,755,0.755,49068,-30,-230.769,-24.166,0.0500000000000043,34.9650948
33.45,758,0.758,49037,-31,-238.461,-24.971,0.0499999999999972,35.0152064
33.5,762,0.762,49006,-31,-238.461,-24.971,0.0499999999999972,35.1013251
33.55,765,0.765,48976,-30,-230.769,-24.166,0.0500000000000043,35.1180425
33.6,768,0.768,48944,-32,-246.153,-25.777,0.0499999999999972,35.1887976
33.65,771,0.771,48913,-31,-238.461,-24.971,0.0500000000000043,35.2166679
33.7,774,0.774,48881,-32,-246.153,-25.777,0.0499999999999972,35.2751738
33.75,776,0.776,48850,-31,-238.461,-24.971,0.0499999999999972,35.3121986
33.8,779,0.779,48818,-32,-246.153,-25.777,0.0500000000000043,35.3731994
33.85,781,0.781,48786,-32,-246.153,-25.777,0.0499999999999972,35.4505524
33.9,784,0.784,48754,-32,-246.153,-25.777,0.0500000000000043,35.4702391
33.95,786,0.786,48722,-32,-246.153,-25.777,0.0499999999999972,35.5358625
34,788,0.788,48690,-32,-246.153,-25.777,0.0499999999999972,35.562804
34.05,790,0.79,48657,-33,-253.846,-26.582,0.0500000000000043,35.6229059
34.1,791,0.791,48625,-32,-246.153,-25.777,0.0499999999999972,35.7110271
34.15,793,0.793,48592,-33,-253.846,-26.582,0.0500000000000043,35.7218247
34.2,794,0.794,48560,-32,-246.153,-25.777,0.0499999999999972,35.7972934
34.25,796,0.796,48528,-32,-246.153,-25.777,0.0500000000000043,35.8150971
34.3,797,0.797,48495,-33,-253.846,-26.582,0.0499999999999972,35.8830495
34.35,797,0.797,48462,-33,-253.846,-26.582,0.0499999999999972,35.924928
34.4,798,0.798,48429,-33,-253.846,-26.582,0.0500000000000043,35.9780398
34.45,799,0.799,48396,-33,-253.846,-26.582,0.0499999999999972,36.0181906
34.5,799,0.799,48363,-33,-253.846,-26.582,0.0500000000000043,36.0693406
34.55,799,0.799,48330,-33,-253.846,-26.582,0.0499999999999972,36.1121478
34.6,799,0.799,48298,-32,-246.153,-25.777,0.0499999999999972,36.1759556
34.65,799,0.799,48264,-34,-261.538,-27.388,0.0500000000000043,36.2484206
34.7,799,0.799,48232,-32,-246.153,-25.777,0.0499999999999972,36.2695297
34.75,799,0.799,48199,-33,-253.846,-26.582,0.0500000000000043,36.3388156
34.8,798,0.798,48166,-33,-253.846,-26.582,0.0499999999999972,36.3623596
34.85,797,0.797,48133,-33,-253.846,-26.582,0.0499999999999972,36.4258372
34.9,796,0.796,48100,-33,-253.846,-26.582,0.0500000000000043,36.4701414
34.95,795,0.795,48068,-32,-246.153,-25.777,0.0499999999999972,36.5241289
35,794,0.794,48035,-33,-253.846,-26.582,0.0500000000000043,36.6039046
35.05,792,0.792,48002,-33,-253.846,-26.582,0.0499999999999972,36.6200615
35.1,791,0.791,47969,-33,-253.846,-26.582,0.0499999999999972,36.6922831
35.15,789,0.789,47936,-33,-253.846,-26.582,0.0500000000000043,36.7138034
35.2,787,0.787,47904,-32,-246.153,-25.777,0.0499999999999972,36.7809638
35.25,785,0.785,47872,-32,-246.153,-25.777,0.0500000000000043,36.8240117
35.3,782,0.782,47840,-32,-246.153,-25.777,0.0499999999999972,36.8706489
35.35,780,0.78,47808,-32,-246.153,-25.777,0.0499999999999972,36.9590795
35.4,777,0.777,47776,-32,-246.153,-25.777,0.0500000000000043,36.9680226
35.45,774,0.774,47744,-32,-246.153,-25.777,0.0499999999999972,37.0457946
35.5,771,0.771,47712,-32,-246.153,-25.777,0.0500000000000043,37.0621462
35.55,768,0.768,47680,-32,-246.153,-25.777,0.0499999999999972,37.1332412
35.6,765,0.765,47649,-31,-238.461,-24.971,0.0499999999999972,37.1738794
35.65,761,0.761,47617,-32,-246.153,-25.777,0.0500000000000043,37.2239893
35.7,758,0.758,47586,-31,-238.461,-24.971,0.0499999999999972,37.3111656
35.75,754,0.754,47555,-31,-238.461,-24.971,0.0500000000000043,37.3176824
35.8,750,0.75,47524,-31,-238.461,-24.971,0.0499999999999972,37.3989193
35.85,746,0.746,47493,-31,-238.461,-24.971,0.0499999999999972,37.4210647
35.9,742,0.742,47463,-30,-230.769,-24.166,0.0500000000000043,37.4879875
35.95,738,0.738,47432,-31,-238.461,-24.971,0.0499999999999972,37.5149848
36,733,0.733,47402,-30,-230.769,-24.166,0.0500000000000043,37.574323
36.05,728,0.728,47372,-30,-230.769,-24.166,0.0499999999999972,37.6634919
36.1,724,0.724,47343,-29,-223.076,-23.36,0.0499999999999972,37.6734268
36.15,719,0.719,47314,-29,-223.076,-23.36,0.0500000000000043,37.7500073
36.2,714,0.714,47284,-30,-230.769,-24.166,0.0499999999999972,37.7697971
36.25,709,0.709,47255,-29,-223.076,-23.36,0.0500000000000043,37.8383057
36.3,703,0.703,47226,-29,-223.076,-23.36,0.0499999999999972,37.8622712
36.35,698,0.698,47197,-29,-223.076,-23.36,0.0499999999999972,37.9279637
36.4,693,0.693,47169,-28,-215.384,-22.555,0.0500000000000043,37.970572
36.45,687,0.687,47140,-29,-223.076,-23.36,0.0499999999999972,38.0166545
36.5,681,0.681,47112,-28,-215.384,-22.555,0.0500000000000043,38.1014319
36.55,676,0.676,47085,-27,-207.692,-21.749,0.0499999999999972,38.1243124
36.6,670,0.67,47058,-27,-207.692,-21.749,0.0499999999999972,38.1883562
36.65,664,0.664,47031,-27,-207.692,-21.749,0.0500000000000043,38.2153867
36.7,658,0.658,47004,-27,-207.692,-21.749,0.0499999999999972,38.2777397
36.75,652,0.652,46978,-26,-200,-20.943,0.0500000000000043,38.3242415
36.8,646,0.646,46952,-26,-200,-20.943,0.0499999999999972,38.3695919
36.85,640,0.64,46926,-26,-200,-20.943,0.0499999999999972,38.4559721
36.9,634,0.634,46900,-26,-200,-20.943,0.0500000000000043,38.4622417
36.95,627,0.627,46874,-26,-200,-20.943,0.0499999999999972,38.5486673
37,621,0.621,46850,-24,-184.615,-19.332,0.0500000000000043,38.5720955
37.05,615,0.615,46824,-26,-200,-20.943,0.0499999999999972,38.6383573
37.1,609,0.609,46800,-24,-184.615,-19.332,0.0499999999999972,38.6659306
37.15,602,0.602,46776,-24,-184.615,-19.332,0.0500000000000043,38.7247999
37.2,596,0.596,46752,-24,-184.615,-19.332,0.0499999999999972,38.7740424
37.25,589,0.589,46728,-24,-184.615,-19.332,0.0500000000000043,38.8210437
37.3,583,0.583,46704,-24,-184.615,-19.332,0.0499999999999972,38.901095
37.35,577,0.577,46681,-23,-176.923,-18.527,0.0499999999999972,38.9146069
37.4,570,0.57,46658,-23,-176.923,-18.527,0.0500000000000043,38.9917651
37.45,564,0.564,46636,-22,-169.23,-17.721,0.0499999999999972,39.0226912
37.5,558,0.558,46614,-22,-169.23,-17.721,0.0500000000000043,39.0798536
37.55,551,0.551,46592,-22,-169.23,-17.721,0.0499999999999972,39.1230117
37.6,545,0.545,46570,-22,-169.23,-17.721,0.0499999999999972,39.1705792
37.65,539,0.539,46550,-20,-153.846,-16.11,0.0500000000000043,39.2532829
37.7,533,0.533,46528,-22,-169.23,-17.721,0.0499999999999972,39.2655691
37.75,527,0.527,46508,-20,-153.846,-16.11,0.0500000000000043,39.3393709
37.8,521,0.521,46488,-20,-153.846,-16.11,0.0499999999999972,39.3739364
37.85,515,0.515,46468,-20,-153.846,-16.11,0.0499999999999972,39.4288758
37.9,509,0.509,46448,-20,-153.846,-16.11,0.0500000000000043,39.460833
37.95,503,0.503,46428,-20,-153.846,-16.11,0.0499999999999972,39.5152532
38,498,0.498,46408,-20,-153.846,-16.11,0.0500000000000043,39.6023363
38.05,492,0.492,46389,-19,-146.153,-15.305,0.0499999999999972,39.6206986
38.1,487,0.487,46370,-19,-146.153,-15.305,0.0499999999999972,39.6942467
38.15,481,0.481,46351,-19,-146.153,-15.305,0.0500000000000043,39.7182232
38.2,476,0.476,46333,-18,-138.461,-14.499,0.0499999999999972,39.7814777
38.25,471,0.471,46314,-19,-146.153,-15.305,0.0500000000000043,39.8201504
38.3,466,0.466,46297,-17,-130.769,-13.694,0.0499999999999972,39.871086
38.35,461,0.461,46280,-17,-130.769,-13.694,0.0499999999999972,39.9150934
38.4,456,0.456,46262,-18,-138.461,-14.499,0.0500000000000043,39.9616099
38.45,452,0.452,46246,-16,-123.076,-12.888,0.0499999999999972,40.0471644
38.5,447,0.447,46228,-18,-138.461,-14.499,0.0500000000000043,40.0721539
38.55,443,0.443,46212,-16,-123.076,-12.888,0.0499999999999972,40.1372154
38.6,439,0.439,46196,-16,-123.076,-12.888,0.0499999999999972,40.1749612
38.65,435,0.435,46179,-17,-130.769,-13.694,0.0500000000000043,40.2272398
38.7,432,0.432,46163,-16,-123.076,-12.888,0.0499999999999972,40.2671121
38.75,428,0.428,46147,-16,-123.076,-12.888,0.0500000000000043,40.3150255
38.8,425,0.425,46132,-15,-115.384,-12.083,0.0499999999999972,40.4008563
38.85,421,0.421,46116,-16,-123.076,-12.888,0.0499999999999972,40.421139
38.9,419,0.419,46101,-15,-115.384,-12.083,0.0500000000000043,40.4874642
38.95,416,0.416,46086,-15,-115.384,-12.083,0.0499999999999972,40.5228492
39,413,0.413,46070,-16,-123.076,-12.888,0.0500000000000043,40.5764948
39.05,411,0.411,46056,-14,-107.692,-11.277,0.0499999999999972,40.6163962
39.1,409,0.409,46040,-16,-123.076,-12.888,0.0499999999999972,40.6629052
39.15,407,0.407,46025,-15,-115.384,-12.083,0.0500000000000043,40.7504224
39.2,405,0.405,46010,-15,-115.384,-12.083,0.0499999999999972,40.7748576
39.25,404,0.404,45995,-15,-115.384,-12.083,0.0500000000000043,40.8404893
39.3,402,0.402,45980,-15,-115.384,-12.083,0.0499999999999972,40.8678513
39.35,401,0.401,45966,-14,-107.692,-11.277,0.0499999999999972,40.929794
39.4,401,0.401,45952,-14,-107.692,-11.277,0.0500000000000043,40.9686535
39.45,400,0.4,45937,-15,-115.384,-12.083,0.0499999999999972,41.0193432
39.5,400,0.4,45922,-15,-115.384,-12.083,0.0500000000000043,41.1079236
39.55,400,0.4,45908,-14,-107.692,-11.277,0.0499999999999972,41.1184308
39.6,400,0.4,45894,-14,-107.692,-11.277,0.0499999999999972,41.1945227
39.65,400,0.4,45879,-15,-115.384,-12.083,0.0500000000000043,41.2203592
39.7,401,0.401,45865,-14,-107.692,-11.277,0.0499999999999972,41.2819236
39.75,401,0.401,45851,-14,-107.692,-11.277,0.0500000000000043,41.312781
39.8,402,0.402,45836,-15,-115.384,-12.083,0.0499999999999972,41.3692424
39.85,404,0.404,45822,-14,-107.692,-11.277,0.0499999999999972,41.4128602
39.9,405,0.405,45808,-14,-107.692,-11.277,0.0500000000000043,41.4741633
39.95,407,0.407,45793,-15,-115.384,-12.083,0.0499999999999972,41.5440471
40,409,0.409,45778,-15,-115.384,-12.083,0.0500000000000043,41.5679763
40.05,411,0.411,45764,-14,-107.692,-11.277,0.0499999999999972,41.6318052
40.1,414,0.414,45749,-15,-115.384,-12.083,0.0499999999999972,41.661644
40.15,417,0.417,45734,-15,-115.384,-12.083,0.0500000000000043,41.7236289
40.2,420,0.42,45719,-15,-115.384,-12.083,0.0499999999999972,41.7705756
40.25,423,0.423,45704,-15,-115.384,-12.083,0.0500000000000043,41.8177855
40.3,426,0.426,45688,-16,-123.076,-12.888,0.0499999999999972,41.8988155
40.35,430,0.43,45673,-15,-115.384,-12.083,0.0499999999999972,41.9248488
40.4,433,0.433,45658,-15,-115.384,-12.083,0.0500000000000043,41.9906021
40.45,437,0.437,45642,-16,-123.076,-12.888,0.0499999999999972,42.0249474
40.5,442,0.442,45626,-16,-123.076,-12.888,0.0500000000000043,42.0787962
40.55,446,0.446,45609,-17,-130.769,-13.694,0.0499999999999972,42.118121
40.6,451,0.451,45592,-17,-130.769,-13.694,0.0499999999999972,42.1671732
40.65,456,0.456,45576,-16,-123.076,-12.888,0.0500000000000043,42.2542208
40.7,461,0.461,45558,-18,-138.461,-14.499,0.0499999999999972,42.2660584
40.75,466,0.466,45541,-17,-130.769,-13.694,0.0500000000000043,42.3399801
40.8,471,0.471,45524,-17,-130.769,-13.694,0.0499999999999972,42.360715
40.85,477,0.477,45506,-18,-138.461,-14.499,0.0499999999999972,42.4274349
40.9,482,0.482,45488,-18,-138.461,-14.499,0.0500000000000043,42.4709646
40.95,488,0.488,45470,-18,-138.461,-14.499,0.0499999999999972,42.5279502
41,494,0.494,45452,-18,-138.461,-14.499,0.0500000000000043,42.5739329
41.05,500,0.5,45433,-19,-146.153,-15.305,0.0499999999999972,42.6279381
41.1,507,0.507,45414,-19,-146.153,-15.305,0.0499999999999972,42.6657862
41.15,513,0.513,45395,-19,-146.153,-15.305,0.0500000000000043,42.7173944
41.2,520,0.52,45376,-19,-146.153,-15.305,0.0499999999999972,42.7624266
41.25,526,0.526,45356,-20,-153.846,-16.11,0.0500000000000043,42.8249534
41.3,533,0.533,45336,-20,-153.846,-16.11,0.0499999999999972,42.8932499
41.35,540,0.54,45316,-20,-153.846,-16.11,0.0499999999999972,42.918088
41.4,547,0.547,45295,-21,-161.538,-16.916,0.0500000000000043,42.9852767
41.45,554,0.554,45274,-21,-161.538,-16.916,0.0499999999999972,43.0129273
41.5,561,0.561,45252,-22,-169.23,-17.721,0.0500000000000043,43.074856
41.55,568,0.568,45231,-21,-161.538,-16.916,0.0499999999999972,43.1610006
41.6,575,0.575,45209,-22,-169.23,-17.721,0.0499999999999972,43.1681484
41.65,583,0.583,45186,-23,-176.923,-18.527,0.0500000000000043,43.2484214
41.7,590,0.59,45163,-23,-176.923,-18.527,0.0499999999999972,43.2669348
41.75,597,0.597,45140,-23,-176.923,-18.527,0.0500000000000043,43.3370021
41.8,604,0.604,45116,-24,-184.615,-19.332,0.0499999999999972,43.3680258
41.85,612,0.612,45092,-24,-184.615,-19.332,0.0499999999999972,43.4236576
41.9,619,0.619,45068,-24,-184.615,-19.332,0.0500000000000043,43.4620321
41.95,626,0.626,45044,-24,-184.615,-19.332,0.0499999999999972,43.5253298
42,634,0.634,45020,-24,-184.615,-19.332,0.0500000000000043,43.602135
42.05,641,0.641,44995,-25,-192.307,-20.138,0.0499999999999972,43.6116519
42.1,648,0.648,44970,-25,-192.307,-20.138,0.0499999999999972,43.6893814
42.15,655,0.655,44944,-26,-200,-20.943,0.0500000000000043,43.7222103
42.2,662,0.662,44918,-26,-200,-20.943,0.0499999999999972,43.7780786
42.25,669,0.669,44891,-27,-207.692,-21.749,0.0500000000000043,43.8130505
42.3,676,0.676,44864,-27,-207.692,-21.749,0.0499999999999972,43.867449
42.35,683,0.683,44838,-26,-200,-20.943,0.0499999999999972,43.9148125
42.4,690,0.69,44810,-28,-215.384,-22.555,0.0500000000000043,43.9614953
42.45,696,0.696,44782,-28,-215.384,-22.555,0.0499999999999972,44.0424832
42.5,703,0.703,44754,-28,-215.384,-22.555,0.0500000000000043,44.0740102
42.55,709,0.709,44726,-28,-215.384,-22.555,0.0499999999999972,44.1304933
42.6,715,0.715,44697,-29,-223.076,-23.36,0.0499999999999972,44.169473
42.65,721,0.721,44668,-29,-223.076,-23.36,0.0500000000000043,44.2174291
42.7,727,0.727,44639,-29,-223.076,-23.36,0.0499999999999972,44.2605412
42.75,733,0.733,44610,-29,-223.076,-23.36,0.0500000000000043,44.3234386
42.8,738,0.738,44580,-30,-230.769,-24.166,0.0499999999999972,44.3943658
42.85,744,0.744,44550,-30,-230.769,-24.166,0.0499999999999972,44.4168545
42.9,749,0.749,44520,-30,-230.769,-24.166,0.0500000000000043,44.4818439
42.95,754,0.754,44490,-30,-230.769,-24.166,0.0499999999999972,44.5117107
43,758,0.758,44459,-31,-238.461,-24.971,0.0500000000000043,44.5751762
43.05,763,0.763,44428,-31,-238.461,-24.971,0.0499999999999972,44.6541097
43.1,767,0.767,44397,-31,-238.461,-24.971,0.0499999999999972,44.6730503
43.15,771,0.771,44366,-31,-238.461,-24.971,0.0500000000000043,44.7416918
43.2,775,0.775,44334,-32,-246.153,-25.777,0.0499999999999972,44.7659955
43.25,778,0.778,44302,-32,-246.153,-25.777,0.0500000000000043,44.8325604
43.3,782,0.782,44270,-32,-246.153,-25.777,0.0499999999999972,44.8672297
43.35,785,0.785,44238,-32,-246.153,-25.777,0.0499999999999972,44.9227538
43.4,787,0.787,44206,-32,-246.153,-25.777,0.0500000000000043,45.0102942
43.45,790,0.79,44174,-32,-246.153,-25.777,0.0499999999999972,45.0157869
43.5,792,0.792,44142,-32,-246.153,-25.777,0.0500000000000043,45.1013656
43.55,794,0.794,44110,-32,-246.153,-25.777,0.0499999999999972,45.1119886
43.6,796,0.796,44077,-33,-253.846,-26.582,0.0499999999999972,45.1889322
43.65,797,0.797,44044,-33,-253.846,-26.582,0.0500000000000043,45.21184
43.7,798,0.798,44012,-32,-246.153,-25.777,0.0499999999999972,45.2783391
43.75,799,0.799,43979,-33,-253.846,-26.582,0.0500000000000043,45.3111855
43.8,799,0.799,43946,-33,-253.846,-26.582,0.0499999999999972,45.3753319
43.85,799,0.799,43913,-33,-253.846,-26.582,0.0499999999999972,45.4522208
43.9,799,0.799,43880,-33,-253.846,-26.582,0.0500000000000043,45.4674152
43.95,799,0.799,43847,-33,-253.846,-26.582,0.0499999999999972,45.5409362
44,798,0.798,43814,-33,-253.846,-26.582,0.0500000000000043,45.5639776
44.05,797,0.797,43782,-32,-246.153,-25.777,0.0499999999999972,45.6300249
44.1,796,0.796,43748,-34,-261.538,-27.388,0.0499999999999972,45.6739265
44.15,794,0.794,43716,-32,-246.153,-25.777,0.0500000000000043,45.721684
44.2,792,0.792,43683,-33,-253.846,-26.582,0.0499999999999972,45.7602906
44.25,790,0.79,43651,-32,-246.153,-25.777,0.0500000000000043,45.8235887
44.3,787,0.787,43618,-33,-253.846,-26.582,0.0499999999999972,45.8988048
44.35,785,0.785,43586,-32,-246.153,-25.777,0.0499999999999972,45.9103148
44.4,782,0.782,43554,-32,-246.153,-25.777,0.0500000000000043,45.9867969
44.45,778,0.778,43521,-33,-253.846,-26.582,0.0499999999999972,46.0194717
44.5,775,0.775,43489,-32,-246.153,-25.777,0.0500000000000043,46.0728103
44.55,771,0.771,43457,-32,-246.153,-25.777,0.0499999999999972,46.1143252
44.6,766,0.766,43426,-31,-238.461,-24.971,0.0499999999999972,46.162105
44.65,762,0.762,43394,-32,-246.153,-25.777,0.0500000000000043,46.2608039
44.7,757,0.757,43363,-31,-238.461,-24.971,0.0499999999999972,46.2699849
44.75,752,0.752,43332,-31,-238.461,-24.971,0.0500000000000043,46.3544058
44.8,747,0.747,43301,-31,-238.461,-24.971,0.0499999999999972,46.3594434
44.85,741,0.741,43270,-31,-238.461,-24.971,0.0499999999999972,46.4470194
44.9,736,0.736,43240,-30,-230.769,-24.166,0.0500000000000043,46.4698082
44.95,730,0.73,43210,-30,-230.769,-24.166,0.0499999999999972,46.5393897
45,724,0.724,43180,-30,-230.769,-24.166,0.0500000000000043,46.5644948
45.05,717,0.717,43150,-30,-230.769,-24.166,0.0499999999999972,46.631439
45.1,711,0.711,43121,-29,-223.076,-23.36,0.0499999999999972,46.6696127
45.15,704,0.704,43092,-29,-223.076,-23.36,0.0500000000000043,46.725863
45.2,697,0.697,43063,-29,-223.076,-23.36,0.0499999999999972,46.7625255
45.25,690,0.69,43035,-28,-215.384,-22.555,0.0500000000000043,46.819498
45.3,683,0.683,43006,-29,-223.076,-23.36,0.0499999999999972,46.9136563
45.35,675,0.675,42979,-27,-207.692,-21.749,0.0499999999999972,46.9139875
45.4,668,0.668,42952,-27,-207.692,-21.749,0.0500000000000043,46.9610043
45.45,660,0.66,42925,-27,-207.692,-21.749,0.0499999999999972,47.0239572
45.5,652,0.652,42898,-27,-207.692,-21.749,0.0500000000000043,47.0953947
45.55,645,0.645,42872,-26,-200,-20.943,0.0499999999999972,47.1170927
45.6,637,0.637,42846,-26,-200,-20.943,0.0499999999999972,47.184922
45.65,629,0.629,42820,-26,-200,-20.943,0.0500000000000043,47.2167412
45.7,621,0.621,42796,-24,-184.615,-19.332,0.0499999999999972,47.2716812
45.75,612,0.612,42770,-26,-200,-20.943,0.0500000000000043,47.3153015
45.8,604,0.604,42746,-24,-184.615,-19.332,0.0499999999999972,47.3614325
45.85,596,0.596,42722,-24,-184.615,-19.332,0.0499999999999972,47.4489801
45.9,588,0.588,42698,-24,-184.615,-19.332,0.0500000000000043,47.4703335
45.95,580,0.58,42674,-24,-184.615,-19.332,0.0499999999999972,47.5398567
46,572,0.572,42651,-23,-176.923,-18.527,0.0500000000000043,47.5629632
46.05,564,0.564,42628,-23,-176.923,-18.527,0.0499999999999972,47.6281875
46.1,556,0.556,42606,-22,-169.23,-17.721,0.0499999999999972,47.6649467
46.15,548,0.548,42584,-22,-169.23,-17.721,0.0500000000000043,47.7163966
46.2,540,0.54,42563,-21,-161.538,-16.916,0.0499999999999972,47.8069032
46.25,532,0.532,42542,-21,-161.538,-16.916,0.0500000000000043,47.8171137
46.3,524,0.524,42522,-20,-153.846,-16.11,0.0499999999999972,47.8994984
46.35,517,0.517,42501,-21,-161.538,-16.916,0.0499999999999972,47.9093369
46.4,509,0.509,42481,-20,-153.846,-16.11,0.0500000000000043,47.9922275
46.45,502,0.502,42462,-19,-146.153,-15.305,0.0499999999999972,48.0178756
46.5,495,0.495,42442,-20,-153.846,-16.11,0.0500000000000043,48.08278
46.55,488,0.488,42424,-18,-138.461,-14.499,0.0499999999999972,48.1124947
46.6,481,0.481,42405,-19,-146.153,-15.305,0.0499999999999972,48.174651
46.65,474,0.474,42386,-19,-146.153,-15.305,0.0500000000000043,48.2234256
46.7,468,0.468,42368,-18,-138.461,-14.499,0.0499999999999972,48.2715905
46.75,462,0.462,42350,-18,-138.461,-14.499,0.0500000000000043,48.3548424
46.8,456,0.456,42333,-17,-130.769,-13.694,0.0499999999999972,48.3608757
46.85,450,0.45,42315,-18,-138.461,-14.499,0.0499999999999972,48.4450197
46.9,445,0.445,42298,-17,-130.769,-13.694,0.0500000000000043,48.4714346
46.95,440,0.44,42282,-16,-123.076,-12.888,0.0499999999999972,48.5365517
47,435,0.435,42265,-17,-130.769,-13.694,0.0500000000000043,48.5666343
47.05,430,0.43,42248,-17,-130.769,-13.694,0.0499999999999972,48.6304699
47.1,426,0.426,42233,-15,-115.384,-12.083,0.0499999999999972,48.6606821
47.15,422,0.422,42217,-16,-123.076,-12.888,0.0500000000000043,48.7224321
47.2,418,0.418,42202,-15,-115.384,-12.083,0.0499999999999972,48.769669
47.25,415,0.415,42186,-16,-123.076,-12.888,0.0500000000000043,48.8200958
47.3,412,0.412,42172,-14,-107.692,-11.277,0.0499999999999972,48.8947568
47.35,409,0.409,42157,-15,-115.384,-12.083,0.0499999999999972,48.9150797
47.4,407,0.407,42142,-15,-115.384,-12.083,0.0500000000000043,48.9869947
47.45,404,0.404,42127,-15,-115.384,-12.083,0.0499999999999972,49.0226108
47.5,403,0.403,42112,-15,-115.384,-12.083,0.0500000000000043,49.0768881
47.55,401,0.401,42098,-14,-107.692,-11.277,0.0499999999999972,49.1161594
47.6,400,0.4,42083,-15,-115.384,-12.083,0.0499999999999972,49.1648498
47.65,400,0.4,42069,-14,-107.692,-11.277,0.0500000000000043,49.2113212
47.7,400,0.4,42054,-15,-115.384,-12.083,0.0499999999999972,49.2704801
47.75,400,0.4,42040,-14,-107.692,-11.277,0.0500000000000043,49.3386308
47.8,400,0.4,42026,-14,-107.692,-11.277,0.0499999999999972,49.3650024
47.85,401,0.401,42012,-14,-107.692,-11.277,0.0499999999999972,49.4275793
47.9,402,0.402,41998,-14,-107.692,-11.277,0.0500000000000043,49.4694464
47.95,404,0.404,41983,-15,-115.384,-12.083,0.0499999999999972,49.5158439
48,406,0.406,41968,-15,-115.384,-12.083,0.0500000000000043,49.5628233
48.05,408,0.408,41954,-14,-107.692,-11.277,0.0499999999999972,49.6129458
48.1,410,0.41,41938,-16,-123.076,-12.888,0.0499999999999972,49.6882814
48.15,413,0.413,41923,-15,-115.384,-12.083,0.0500000000000043,49.7240255
48.2,417,0.417,41908,-15,-115.384,-12.083,0.0499999999999972,49.7769232
48.25,420,0.42,41893,-15,-115.384,-12.083,0.0500000000000043,49.8172366
48.3,425,0.425,41878,-15,-115.384,-12.083,0.0499999999999972,49.8726578
48.35,429,0.429,41862,-16,-123.076,-12.888,0.0499999999999972,49.955817
48.4,434,0.434,41846,-16,-123.076,-12.888,0.0500000000000043,49.9679553
48.45,439,0.439,41830,-16,-123.076,-12.888,0.0499999999999972,50.0424544
48.5,444,0.444,41814,-16,-123.076,-12.888,0.0500000000000043,50.0611091
48.55,449,0.449,41798,-16,-123.076,-12.888,0.0499999999999972,50.1290672
48.6,455,0.455,41781,-17,-130.769,-13.694,0.0499999999999972,50.1704667
48.65,462,0.462,41764,-17,-130.769,-13.694,0.0500000000000043,50.2219628
48.7,468,0.468,41747,-17,-130.769,-13.694,0.0499999999999972,50.269362
48.75,475,0.475,41730,-17,-130.769,-13.694,0.0500000000000043,50.3205171
48.8,482,0.482,41712,-18,-138.461,-14.499,0.0499999999999972,50.3992016
48.85,489,0.489,41694,-18,-138.461,-14.499,0.0499999999999972,50.412078
48.9,496,0.496,41675,-19,-146.153,-15.305,0.0500000000000043,50.4943741
48.95,504,0.504,41656,-19,-146.153,-15.305,0.0499999999999972,50.519738
49,512,0.512,41638,-18,-138.461,-14.499,0.0500000000000043,50.5899949
49.05,520,0.52,41618,-20,-153.846,-16.11,0.0499999999999972,50.6124565
49.1,528,0.528,41598,-20,-153.846,-16.11,0.0499999999999972,50.6774661
49.15,536,0.536,41578,-20,-153.846,-16.11,0.0500000000000043,50.7680533
49.2,545,0.545,41558,-20,-153.846,-16.11,0.0499999999999972,50.7683371
49.25,553,0.553,41536,-22,-169.23,-17.721,0.0500000000000043,50.8113852
49.3,562,0.562,41515,-21,-161.538,-16.916,0.0499999999999972,50.8724345
49.35,571,0.571,41493,-22,-169.23,-17.721,0.0499999999999972,50.9453962
49.4,579,0.579,41470,-23,-176.923,-18.527,0.0500000000000043,50.964826
49.45,588,0.588,41448,-22,-169.23,-17.721,0.0499999999999972,51.032679
49.5,597,0.597,41424,-24,-184.615,-19.332,0.0500000000000043,51.0592831
49.55,606,0.606,41401,-23,-176.923,-18.527,0.0499999999999972,51.1214152
49.6,615,0.615,41378,-23,-176.923,-18.527,0.0499999999999972,51.1672857
49.65,624,0.624,41354,-24,-184.615,-19.332,0.0500000000000043,51.2186106
49.7,633,0.633,41329,-25,-192.307,-20.138,0.0499999999999972,51.295937
49.75,642,0.642,41304,-25,-192.307,-20.138,0.0500000000000043,51.3226789
49.8,650,0.65,41278,-26,-200,-20.943,0.0499999999999972,51.3880681
49.85,659,0.659,41252,-26,-200,-20.943,0.0499999999999972,51.4181115
49.9,667,0.667,41226,-26,-200,-20.943,0.0500000000000043,51.4765473
49.95,676,0.676,41199,-27,-207.692,-21.749,0.0499999999999972,51.5123656
50,684,0.684,41172,-27,-207.692,-21.749,0.0500000000000043,51.5630482
50.05,692,0.692,41145,-27,-207.692,-21.749,0.0499999999999972,51.6493666
50.1,700,0.7,41117,-28,-215.384,-22.555,0.0499999999999972,51.6695757
50.15,708,0.708,41089,-28,-215.384,-22.555,0.0500000000000043,51.737403
50.2,715,0.715,41060,-29,-223.076,-23.36,0.0499999999999972,51.7632614
50.25,723,0.723,41031,-29,-223.076,-23.36,0.0500000000000043,51.8264993
50.3,730,0.73,41002,-29,-223.076,-23.36,0.0499999999999972,51.9143833
50.35,736,0.736,40972,-30,-230.769,-24.166,0.0499999999999972,51.9148817
50.4,743,0.743,40942,-30,-230.769,-24.166,0.0500000000000043,51.9616104
50.45,749,0.749,40912,-30,-230.769,-24.166,0.0499999999999972,52.0196519
50.5,755,0.755,40882,-30,-230.769,-24.166,0.0500000000000043,52.0907583
50.55,760,0.76,40851,-31,-238.461,-24.971,0.0499999999999972,52.1117149
50.6,766,0.766,40820,-31,-238.461,-24.971,0.0499999999999972,52.177453
50.65,771,0.771,40789,-31,-238.461,-24.971,0.0500000000000043,52.2218079
50.7,775,0.775,40758,-31,-238.461,-24.971,0.0499999999999972,52.2655852
50.75,779,0.779,40726,-32,-246.153,-25.777,0.0500000000000043,52.3533433
50.8,783,0.783,40694,-32,-246.153,-25.777,0.0499999999999972,52.367948
50.85,787,0.787,40661,-33,-253.846,-26.582,0.0499999999999972,52.4404983
50.9,790,0.79,40629,-32,-246.153,-25.777,0.0500000000000043,52.4727439
50.95,792,0.792,40596,-33,-253.846,-26.582,0.0499999999999972,52.5284052
51,795,0.795,40564,-32,-246.153,-25.777,0.0500000000000043,52.5666749
51.05,796,0.796,40531,-33,-253.846,-26.582,0.0499999999999972,52.6206724
51.1,798,0.798,40498,-33,-253.846,-26.582,0.0499999999999972,52.6597251
51.15,799,0.799,40466,-32,-246.153,-25.777,0.0500000000000043,52.7197778
51.2,799,0.799,40433,-33,-253.846,-26.582,0.0499999999999972,52.7986261
51.25,799,0.799,40400,-33,-253.846,-26.582,0.0500000000000043,52.815396
51.3,799,0.799,40367,-33,-253.846,-26.582,0.0499999999999972,52.8876265
51.35,798,0.798,40334,-33,-253.846,-26.582,0.0499999999999972,52.9197007
51.4,797,0.797,40301,-33,-253.846,-26.582,0.0500000000000043,52.9768449
51.45,796,0.796,40268,-33,-253.846,-26.582,0.0499999999999972,53.0169732
51.5,794,0.794,40235,-33,-253.846,-26.582,0.0500000000000043,53.0652719
51.55,791,0.791,40202,-33,-253.846,-26.582,0.0499999999999972,53.1103851
51.6,788,0.788,40170,-32,-246.153,-25.777,0.0499999999999972,53.1726423
51.65,785,0.785,40137,-33,-253.846,-26.582,0.0500000000000043,53.2386389
51.7,782,0.782,40105,-32,-246.153,-25.777,0.0499999999999972,53.2658987
51.75,777,0.777,40072,-33,-253.846,-26.582,0.0500000000000043,53.3273003
51.8,773,0.773,40040,-32,-246.153,-25.777,0.0499999999999972,53.3661727
51.85,768,0.768,40008,-32,-246.153,-25.777,0.0499999999999972,53.4135192
51.9,763,0.763,39977,-31,-238.461,-24.971,0.0500000000000043,53.4593212
51.95,757,0.757,39946,-31,-238.461,-24.971,0.0499999999999972,53.5224085
52,751,0.751,39914,-32,-246.153,-25.777,0.0500000000000043,53.586496
52.05,745,0.745,39884,-30,-230.769,-24.166,0.0499999999999972,53.6147247
52.1,738,0.738,39853,-31,-238.461,-24.971,0.0499999999999972,53.6738351
52.15,731,0.731,39822,-31,-238.461,-24.971,0.0500000000000043,53.7103688
52.2,724,0.724,39792,-30,-230.769,-24.166,0.0499999999999972,53.7730432
52.25,717,0.717,39762,-30,-230.769,-24.166,0.0500000000000043,53.856792
52.3,709,0.709,39733,-29,-223.076,-23.36,0.0499999999999972,53.8650511
52.35,701,0.701,39704,-29,-223.076,-23.36,0.0499999999999972,53.9480418
52.4,692,0.692,39676,-28,-215.384,-22.555,0.0500000000000043,53.9695499
52.45,684,0.684,39648,-28,-215.384,-22.555,0.0499999999999972,54.0355426
52.5,675,0.675,39620,-28,-215.384,-22.555,0.0500000000000043,54.0620727
52.55,666,0.666,39592,-28,-215.384,-22.555,0.0499999999999972,54.1230407
52.6,657,0.657,39566,-26,-200,-20.943,0.0499999999999972,54.1623554
52.65,648,0.648,39539,-27,-207.692,-21.749,0.0500000000000043,54.2104426
52.7,639,0.639,39513,-26,-200,-20.943,0.0499999999999972,54.2982686
52.75,629,0.629,39487,-26,-200,-20.943,0.0500000000000043,54.3195197
52.8,620,0.62,39462,-25,-192.307,-20.138,0.0499999999999972,54.3861613
52.85,610,0.61,39436,-26,-200,-20.943,0.0499999999999972,54.4092241
52.9,601,0.601,39412,-24,-184.615,-19.332,0.0500000000000043,54.474764
52.95,591,0.591,39388,-24,-184.615,-19.332,0.0499999999999972,54.5193753
53,581,0.581,39364,-24,-184.615,-19.332,0.0500000000000043,54.5714164
53.05,572,0.572,39341,-23,-176.923,-18.527,0.0499999999999972,54.6488348
53.1,562,0.562,39318,-23,-176.923,-18.527,0.0499999999999972,54.663932
53.15,553,0.553,39296,-22,-169.23,-17.721,0.0500000000000043,54.7353477
53.2,543,0.543,39274,-22,-169.23,-17.721,0.0499999999999972,54.7732279
53.25,534,0.534,39253,-21,-161.538,-16.916,0.0500000000000043,54.8246687
53.3,525,0.525,39232,-21,-161.538,-16.916,0.0499999999999972,54.8651801
53.35,516,0.516,39212,-20,-153.846,-16.11,0.0499999999999972,54.9166598
53.4,508,0.508,39192,-20,-153.846,-16.11,0.0500000000000043,54.9619466
53.45,499,0.499,39172,-20,-153.846,-16.11,0.0499999999999972,55.0233249
53.5,491,0.491,39154,-18,-138.461,-14.499,0.0500000000000043,55.0940104
53.55,483,0.483,39134,-20,-153.846,-16.11,0.0499999999999972,55.1162033
53.6,475,0.475,39116,-18,-138.461,-14.499,0.0499999999999972,55.1797397
53.65,467,0.467,39098,-18,-138.461,-14.499,0.0500000000000043,55.2193445
53.7,460,0.46,39080,-18,-138.461,-14.499,0.0499999999999972,55.2657675
53.75,453,0.453,39062,-18,-138.461,-14.499,0.0500000000000043,55.3121324
53.8,447,0.447,39045,-17,-130.769,-13.694,0.0499999999999972,55.3594702
53.85,441,0.441,39028,-17,-130.769,-13.694,0.0499999999999972,55.4410759
53.9,435,0.435,39011,-17,-130.769,-13.694,0.0500000000000043,55.4681298
53.95,430,0.43,38995,-16,-123.076,-12.888,0.0499999999999972,55.5279937
54,425,0.425,38979,-16,-123.076,-12.888,0.0500000000000043,55.5711829
54.05,420,0.42,38963,-16,-123.076,-12.888,0.0499999999999972,55.6193865
54.1,416,0.416,38947,-16,-123.076,-12.888,0.0499999999999972,55.7011117
54.15,412,0.412,38932,-15,-115.384,-12.083,0.0500000000000043,55.7138543
54.2,409,0.409,38917,-15,-115.384,-12.083,0.0499999999999972,55.7874539
54.25,406,0.406,38902,-15,-115.384,-12.083,0.0500000000000043,55.8218869
54.3,404,0.404,38888,-14,-107.692,-11.277,0.0499999999999972,55.8760736
54.35,402,0.402,38873,-15,-115.384,-12.083,0.0499999999999972,55.9172437
54.4,401,0.401,38858,-15,-115.384,-12.083,0.0500000000000043,55.9679786
54.45,400,0.4,38844,-14,-107.692,-11.277,0.0499999999999972,56.0094034
54.5,400,0.4,38830,-14,-107.692,-11.277,0.0500000000000043,56.0707805
54.55,400,0.4,38815,-15,-115.384,-12.083,0.0499999999999972,56.1472144
54.6,400,0.4,38801,-14,-107.692,-11.277,0.0499999999999972,56.1702941
54.65,401,0.401,38786,-15,-115.384,-12.083,0.0500000000000043,56.2351054
54.7,403,0.403,38772,-14,-107.692,-11.277,0.0499999999999972,56.2694748
54.75,405,0.405,38758,-14,-107.692,-11.277,0.0500000000000043,56.3256961
54.8,408,0.408,38743,-15,-115.384,-12.083,0.0499999999999972,56.3661657
54.85,411,0.411,38728,-15,-115.384,-12.083,0.0499999999999972,56.4166107
54.9,414,0.414,38714,-14,-107.692,-11.277,0.0500000000000043,56.4612202
54.95,418,0.418,38698,-16,-123.076,-12.888,0.0499999999999972,56.5095185
55,423,0.423,38683,-15,-115.384,-12.083,0.0500000000000043,56.595378
55.05,428,0.428,38668,-15,-115.384,-12.083,0.0499999999999972,56.6204623
55.1,433,0.433,38652,-16,-123.076,-12.888,0.0499999999999972,56.6834878
55.15,439,0.439,38636,-16,-123.076,-12.888,0.0500000000000043,56.7080897
55.2,445,0.445,38619,-17,-130.769,-13.694,0.0499999999999972,56.7736664
55.25,452,0.452,38603,-16,-123.076,-12.888,0.0500000000000043,56.8148742
55.3,459,0.459,38586,-17,-130.769,-13.694,0.0499999999999972,56.8670915
55.35,466,0.466,38568,-18,-138.461,-14.499,0.0499999999999972,56.9518961
55.4,474,0.474,38551,-17,-130.769,-13.694,0.0500000000000043,56.9685775
55.45,482,0.482,38533,-18,-138.461,-14.499,0.0499999999999972,57.0372993
55.5,490,0.49,38515,-18,-138.461,-14.499,0.0500000000000043,57.0617783
55.55,499,0.499,38497,-18,-138.461,-14.499,0.0499999999999972,57.1245211
55.6,508,0.508,38478,-19,-146.153,-15.305,0.0499999999999972,57.1711899
55.65,517,0.517,38459,-19,-146.153,-15.305,0.0500000000000043,57.2147674
55.7,526,0.526,38439,-20,-153.846,-16.11,0.0499999999999972,57.2609864
55.75,536,0.536,38419,-20,-153.846,-16.11,0.0500000000000043,57.3096824
55.8,545,0.545,38398,-21,-161.538,-16.916,0.0499999999999972,57.3964684
55.85,555,0.555,38378,-20,-153.846,-16.11,0.0499999999999972,57.4197069
55.9,565,0.565,38356,-22,-169.23,-17.721,0.0500000000000043,57.4827088
55.95,576,0.576,38334,-22,-169.23,-17.721,0.0499999999999972,57.5120112
56,586,0.586,38312,-22,-169.23,-17.721,0.0500000000000043,57.5734603
56.05,596,0.596,38289,-23,-176.923,-18.527,0.0499999999999972,57.6209044
56.1,606,0.606,38266,-23,-176.923,-18.527,0.0499999999999972,57.6692623
56.15,617,0.617,38242,-24,-184.615,-19.332,0.0500000000000043,57.7478905
56.2,627,0.627,38217,-25,-192.307,-20.138,0.0499999999999972,57.7637435
56.25,637,0.637,38192,-25,-192.307,-20.138,0.0500000000000043,57.8336858
56.3,647,0.647,38166,-26,-200,-20.943,0.0499999999999972,57.8591393
56.35,657,0.657,38141,-25,-192.307,-20.138,0.0499999999999972,57.9232974
56.4,667,0.667,38115,-26,-200,-20.943,0.0500000000000043,57.9599838
56.45,676,0.676,38088,-27,-207.692,-21.749,0.0499999999999972,58.0218431
56.5,686,0.686,38061,-27,-207.692,-21.749,0.0500000000000043,58.0954007
56.55,695,0.695,38034,-27,-207.692,-21.749,0.0499999999999972,58.1150582
56.6,704,0.704,38006,-28,-215.384,-22.555,0.0499999999999972,58.1835629
56.65,713,0.713,37977,-29,-223.076,-23.36,0.0500000000000043,58.2163994
56.7,721,0.721,37948,-29,-223.076,-23.36,0.0499999999999972,58.270322
56.75,729,0.729,37920,-28,-215.384,-22.555,0.0500000000000043,58.3107015
56.8,737,0.737,37890,-30,-230.769,-24.166,0.0499999999999972,58.3606117
56.85,744,0.744,37860,-30,-230.769,-24.166,0.0499999999999972,58.449166
56.9,751,0.751,37829,-31,-238.461,-24.971,0.0500000000000043,58.4710727
56.95,758,0.758,37798,-31,-238.461,-24.971,0.0499999999999972,58.5509023
57,764,0.764,37768,-30,-230.769,-24.166,0.0500000000000043,58.5646823
57.05,770,0.77,37736,-32,-246.153,-25.777,0.0499999999999972,58.6591488
57.1,775,0.775,37704,-32,-246.153,-25.777,0.0499999999999972,58.6723055
57.15,780,0.78,37673,-31,-238.461,-24.971,0.0500000000000043,58.7545812
57.2,784,0.784,37641,-32,-246.153,-25.777,0.0499999999999972,58.7695138
57.25,788,0.788,37609,-32,-246.153,-25.777,0.0500000000000043,58.8476422
57.3,791,0.791,37576,-33,-253.846,-26.582,0.0499999999999972,58.863396
57.35,794,0.794,37544,-32,-246.153,-25.777,0.0499999999999972,58.9431958
57.4,796,0.796,37511,-33,-253.846,-26.582,0.0500000000000043,58.9632094
57.45,798,0.798,37478,-33,-253.846,-26.582,0.0499999999999972,59.0322067
57.5,799,0.799,37446,-32,-246.153,-25.777,0.0500000000000043,59.061951
57.55,799,0.799,37412,-34,-261.538,-27.388,0.0499999999999972,59.1212995
57.6,799,0.799,37380,-32,-246.153,-25.777,0.0499999999999972,59.1706405
57.65,799,0.799,37346,-34,-261.538,-27.388,0.0500000000000043,59.2177354
57.7,798,0.798,37313,-33,-253.846,-26.582,0.0499999999999972,59.2954185
57.75,796,0.796,37280,-33,-253.846,-26.582,0.0500000000000043,59.3128669
57.8,794,0.794,37248,-32,-246.153,-25.777,0.0499999999999972,59.3842963
57.85,791,0.791,37214,-34,-261.538,-27.388,0.0499999999999972,59.4080832
57.9,788,0.788,37182,-32,-246.153,-25.777,0.0500000000000043,59.4706595
57.95,784,0.784,37150,-32,-246.153,-25.777,0.0499999999999972,59.518004
58,779,0.779,37117,-33,-253.846,-26.582,0.0500000000000043,59.5647795
58.05,775,0.775,37085,-32,-246.153,-25.777,0.0499999999999972,59.6492654
58.1,769,0.769,37053,-32,-246.153,-25.777,0.0499999999999972,59.6577432
58.15,763,0.763,37021,-32,-246.153,-25.777,0.0500000000000043,59.7384893
58.2,757,0.757,36990,-31,-238.461,-24.971,0.0499999999999972,59.7705789
58.25,750,0.75,36958,-32,-246.153,-25.777,0.0500000000000043,59.8315597
58.3,743,0.743,36927,-31,-238.461,-24.971,0.0499999999999972,59.8617851
58.35,735,0.735,36896,-31,-238.461,-24.971,0.0499999999999972,59.9192718
58.4,727,0.727,36866,-30,-230.769,-24.166,0.0500000000000043,60.0094636
58.45,719,0.719,36837,-29,-223.076,-23.36,0.0499999999999972,60.0182677
58.5,710,0.71,36808,-29,-223.076,-23.36,0.0500000000000043,60.0983178
58.55,701,0.701,36778,-30,-230.769,-24.166,0.0499999999999972,60.1117296
58.6,691,0.691,36750,-28,-215.384,-22.555,0.0499999999999972,60.1868158
58.65,681,0.681,36722,-28,-215.384,-22.555,0.0500000000000043,60.2206292
58.7,671,0.671,36694,-28,-215.384,-22.555,0.0499999999999972,60.2754339
58.75,661,0.661,36667,-27,-207.692,-21.749,0.0500000000000043,60.3153503
58.8,651,0.651,36640,-27,-207.692,-21.749,0.0499999999999972,60.3621401
58.85,640,0.64,36613,-27,-207.692,-21.749,0.0499999999999972,60.44933
58.9,630,0.63,36587,-26,-200,-20.943,0.0500000000000043,60.4603291
58.95,619,0.619,36562,-25,-192.307,-20.138,0.0499999999999972,60.5354098
59,608,0.608,36537,-25,-192.307,-20.138,0.0500000000000043,60.5701836
59.05,597,0.597,36512,-25,-192.307,-20.138,0.0499999999999972,60.6231153
59.1,586,0.586,36488,-24,-184.615,-19.332,0.0499999999999972,60.6648382
59.15,576,0.576,36465,-23,-176.923,-18.527,0.0500000000000043,60.7112625
59.2,565,0.565,36442,-23,-176.923,-18.527,0.0499999999999972,60.7978508
59.25,554,0.554,36420,-22,-169.23,-17.721,0.0500000000000043,60.8221
59.3,543,0.543,36398,-22,-169.23,-17.721,0.0499999999999972,60.886841
59.35,533,0.533,36377,-21,-161.538,-16.916,0.0499999999999972,60.9133221
59.4,523,0.523,36356,-21,-161.538,-16.916,0.0500000000000043,60.9754044
59.45,513,0.513,36336,-20,-153.846,-16.11,0.0499999999999972,61.0143421
59.5,503,0.503,36316,-20,-153.846,-16.11,0.0500000000000043,61.0625978
59.55,494,0.494,36296,-20,-153.846,-16.11,0.0499999999999972,61.1107635
59.6,484,0.484,36278,-18,-138.461,-14.499,0.0499999999999972,61.1577944
59.65,476,0.476,36259,-19,-146.153,-15.305,0.0500000000000043,61.2362909
59.7,467,0.467,36240,-19,-146.153,-15.305,0.0499999999999972,61.2677466
59.75,459,0.459,36222,-18,-138.461,-14.499,0.0500000000000043,61.3215332
59.8,452,0.452,36205,-17,-130.769,-13.694,0.0499999999999972,61.3605452
59.85,444,0.444,36188,-17,-130.769,-13.694,0.0499999999999972,61.4096217
59.9,438,0.438,36171,-17,-130.769,-13.694,0.0500000000000043,61.4967536
59.95,431,0.431,36154,-17,-130.769,-13.694,0.0499999999999972,61.5160781
60,426,0.426,36138,-16,-123.076,-12.888,0.0500000000000043,61.5850052
60.05,420,0.42,36122,-16,-123.076,-12.888,0.0499999999999972,61.6103707
60.1,416,0.416,36106,-16,-123.076,-12.888,0.0499999999999972,61.6705085
60.15,412,0.412,36091,-15,-115.384,-12.083,0.0500000000000043,61.7569754
60.2,408,0.408,36076,-15,-115.384,-12.083,0.0499999999999972,61.7671197
60.25,405,0.405,36062,-14,-107.692,-11.277,0.0500000000000043,61.842918
60.3,403,0.403,36047,-15,-115.384,-12.083,0.0499999999999972,61.8607008
60.35,401,0.401,36032,-15,-115.384,-12.083,0.0499999999999972,61.9296971
60.4,400,0.4,36018,-14,-107.692,-11.277,0.0500000000000043,61.9697678
60.45,400,0.4,36004,-14,-107.692,-11.277,0.0499999999999972,62.0210907
60.5,400,0.4,35989,-15,-115.384,-12.083,0.0500000000000043,62.0605754
60.55,400,0.4,35974,-15,-115.384,-12.083,0.0499999999999972,62.109797
60.6,402,0.402,35960,-14,-107.692,-11.277,0.0499999999999972,62.1959677
60.65,404,0.404,35946,-14,-107.692,-11.277,0.0500000000000043,62.2181601
60.7,406,0.406,35931,-15,-115.384,-12.083,0.0499999999999972,62.2827224
60.75,410,0.41,35916,-15,-115.384,-12.083,0.0500000000000043,62.3149443
60.8,413,0.413,35902,-14,-107.692,-11.277,0.0499999999999972,62.3706482
60.85,418,0.418,35887,-15,-115.384,-12.083,0.0499999999999972,62.4104934
60.9,423,0.423,35872,-15,-115.384,-12.083,0.0500000000000043,62.4579128
60.95,428,0.428,35856,-16,-123.076,-12.888,0.0499999999999972,62.545617
61,435,0.435,35841,-15,-115.384,-12.083,0.0500000000000043,62.5656075
61.05,441,0.441,35825,-16,-123.076,-12.888,0.0499999999999972,62.6332486
61.1,448,0.448,35808,-17,-130.769,-13.694,0.0499999999999972,62.659485
61.15,456,0.456,35792,-16,-123.076,-12.888,0.0500000000000043,62.7220817
61.2,464,0.464,35774,-18,-138.461,-14.499,0.0499999999999972,62.8065131
61.25,473,0.473,35757,-17,-130.769,-13.694,0.0500000000000043,62.8160506
61.3,482,0.482,35739,-18,-138.461,-14.499,0.0499999999999972,62.8930767
61.35,491,0.491,35720,-19,-146.153,-15.305,0.0499999999999972,62.9095491
61.4,501,0.501,35702,-18,-138.461,-14.499,0.0500000000000043,62.9845652
61.45,511,0.511,35683,-19,-146.153,-15.305,0.0499999999999972,63.0192242
61.5,521,0.521,35664,-19,-146.153,-15.305,0.0500000000000043,63.069873
61.55,532,0.532,35644,-20,-153.846,-16.11,0.0499999999999972,63.1576385
61.6,542,0.542,35624,-20,-153.846,-16.11,0.0499999999999972,63.1692877
61.65,553,0.553,35603,-21,-161.538,-16.916,0.0500000000000043,63.2488793
61.7,565,0.565,35582,-21,-161.538,-16.916,0.0499999999999972,63.2676471
61.75,576,0.576,35560,-22,-169.23,-17.721,0.0500000000000043,63.3374702
61.8,587,0.587,35537,-23,-176.923,-18.527,0.0499999999999972,63.3617402
61.85,599,0.599,35514,-23,-176.923,-18.527,0.0499999999999972,63.4239859
61.9,610,0.61,35491,-23,-176.923,-18.527,0.0500000000000043,63.4705465
61.95,622,0.622,35467,-24,-184.615,-19.332,0.0499999999999972,63.5179222
62,633,0.633,35442,-25,-192.307,-20.138,0.0500000000000043,63.5973454
62.05,644,0.644,35417,-25,-192.307,-20.138,0.0499999999999972,63.6078563
62.1,655,0.655,35392,-25,-192.307,-20.138,0.0499999999999972,63.6830007
62.15,666,0.666,35365,-27,-207.692,-21.749,0.0500000000000043,63.7179279
62.2,677,0.677,35338,-27,-207.692,-21.749,0.0499999999999972,63.7704274
62.25,688,0.688,35311,-27,-207.692,-21.749,0.0500000000000043,63.8566918
62.3,698,0.698,35284,-27,-207.692,-21.749,0.0499999999999972,63.8698408
62.35,708,0.708,35256,-28,-215.384,-22.555,0.0499999999999972,63.9445676
62.4,717,0.717,35227,-29,-223.076,-23.36,0.0500000000000043,63.9573047
62.45,726,0.726,35198,-29,-223.076,-23.36,0.0499999999999972,64.0313942
62.5,735,0.735,35169,-29,-223.076,-23.36,0.0500000000000043,64.0697617
62.55,743,0.743,35139,-30,-230.769,-24.166,0.0499999999999972,64.1202247
62.6,751,0.751,35109,-30,-230.769,-24.166,0.0499999999999972,64.1608879
62.65,759,0.759,35078,-31,-238.461,-24.971,0.0500000000000043,64.2073876
62.7,765,0.765,35048,-30,-230.769,-24.166,0.0499999999999972,64.2958317
62.75,772,0.772,35016,-32,-246.153,-25.777,0.0500000000000043,64.3197307
62.8,777,0.777,34984,-32,-246.153,-25.777,0.0499999999999972,64.3881159
62.85,782,0.782,34952,-32,-246.153,-25.777,0.0499999999999972,64.4133958
62.9,787,0.787,34920,-32,-246.153,-25.777,0.0500000000000043,64.4781121
62.95,790,0.79,34888,-32,-246.153,-25.777,0.0499999999999972,64.520683
63,794,0.794,34855,-33,-253.846,-26.582,0.0500000000000043,64.5664584
63.05,796,0.796,34823,-32,-246.153,-25.777,0.0499999999999972,64.6131193
63.1,798,0.798,34790,-33,-253.846,-26.582,0.0499999999999972,64.6695245
63.15,799,0.799,34758,-32,-246.153,-25.777,0.0500000000000043,64.7378096
63.2,799,0.799,34724,-34,-261.538,-27.388,0.0499999999999972,64.7634686
63.25,799,0.799,34692,-32,-246.153,-25.777,0.0500000000000043,64.8231232
63.3,798,0.798,34659,-33,-253.846,-26.582,0.0499999999999972,64.8569763
63.35,797,0.797,34626,-33,-253.846,-26.582,0.0499999999999972,64.9097301
63.4,794,0.794,34593,-33,-253.846,-26.582,0.0500000000000043,65.0069294
63.45,791,0.791,34560,-33,-253.846,-26.582,0.0499999999999972,65.0181879
63.5,788,0.788,34527,-33,-253.846,-26.582,0.0500000000000043,65.0980289
63.55,783,0.783,34494,-33,-253.846,-26.582,0.0499999999999972,65.1093407
63.6,779,0.779,34462,-32,-246.153,-25.777,0.0499999999999972,65.1840165
63.65,773,0.773,34430,-32,-246.153,-25.777,0.0500000000000043,65.2179686
63.7,767,0.767,34398,-32,-246.153,-25.777,0.0499999999999972,65.2702092
63.75,760,0.76,34367,-31,-238.461,-24.971,0.0500000000000043,65.3115412
63.8,753,0.753,34336,-31,-238.461,-24.971,0.0499999999999972,65.358018
63.85,745,0.745,34304,-32,-246.153,-25.777,0.0499999999999972,65.4402957
63.9,736,0.736,34274,-30,-230.769,-24.166,0.0500000000000043,65.4593608
63.95,727,0.727,34244,-30,-230.769,-24.166,0.0499999999999972,65.5321521
64,718,0.718,34214,-30,-230.769,-24.166,0.0499999999999972,65.5697258
64.05,708,0.708,34184,-30,-230.769,-24.166,0.0499999999999972,65.6212157
64.1,698,0.698,34156,-28,-215.384,-22.555,0.0500000000000114,65.6609196
64.15,688,0.688,34126,-30,-230.769,-24.166,0.0499999999999972,65.7095548
64.2,677,0.677,34098,-28,-215.384,-22.555,0.0499999999999972,65.7915725
64.25,665,0.665,34070,-28,-215.384,-22.555,0.0499999999999972,65.8180389
64.3,654,0.654,34044,-26,-200,-20.943,0.0499999999999972,65.8774067
64.35,642,0.642,34017,-27,-207.692,-21.749,0.0500000000000114,65.9112219
64.4,631,0.631,33992,-25,-192.307,-20.138,0.0499999999999972,65.9706156
64.45,619,0.619,33966,-26,-200,-20.943,0.0499999999999972,66.0106658
64.5,607,0.607,33941,-25,-192.307,-20.138,0.0499999999999972,66.0570784
64.55,595,0.595,33917,-24,-184.615,-19.332,0.0499999999999972,66.1419932
64.6,583,0.583,33893,-24,-184.615,-19.332,0.0500000000000114,66.1592738
64.65,571,0.571,33870,-23,-176.923,-18.527,0.0499999999999972,66.2297487
64.7,559,0.559,33848,-22,-169.23,-17.721,0.0499999999999972,66.269327
64.75,547,0.547,33825,-23,-176.923,-18.527,0.0499999999999972,66.3204691
64.8,536,0.536,33804,-21,-161.538,-16.916,0.0499999999999972,66.3662789
64.85,524,0.524,33782,-22,-169.23,-17.721,0.0500000000000114,66.4153395
64.9,513,0.513,33762,-20,-153.846,-16.11,0.0499999999999972,66.4977778
64.95,503,0.503,33742,-20,-153.846,-16.11,0.0499999999999972,66.5097389
65,492,0.492,33722,-20,-153.846,-16.11,0.0499999999999972,66.5898652
65.05,482,0.482,33703,-19,-146.153,-15.305,0.0499999999999972,66.6168127
65.1,473,0.473,33684,-19,-146.153,-15.305,0.0500000000000114,66.6793809
65.15,464,0.464,33666,-18,-138.461,-14.499,0.0499999999999972,66.7113098
65.2,455,0.455,33648,-18,-138.461,-14.499,0.0499999999999972,66.7732583
65.25,447,0.447,33631,-17,-130.769,-13.694,0.0499999999999972,66.8103107
65.3,439,0.439,33614,-17,-130.769,-13.694,0.0499999999999972,66.87041
65.35,432,0.432,33598,-16,-123.076,-12.888,0.0500000000000114,66.9574748
65.4,426,0.426,33582,-16,-123.076,-12.888,0.0499999999999972,66.9640602
65.45,420,0.42,33567,-15,-115.384,-12.083,0.0499999999999972,67.0461618
65.5,415,0.415,33551,-16,-123.076,-12.888,0.0499999999999972,67.0593089
65.55,411,0.411,33536,-15,-115.384,-12.083,0.0499999999999972,67.1312796
65.6,407,0.407,33521,-15,-115.384,-12.083,0.0500000000000114,67.1692358
65.65,404,0.404,33506,-15,-115.384,-12.083,0.0499999999999972,67.220406
65.7,402,0.402,33491,-15,-115.384,-12.083,0.0499999999999972,67.2581239
65.75,400,0.4,33477,-14,-107.692,-11.277,0.0499999999999972,67.3116662
65.8,400,0.4,33462,-15,-115.384,-12.083,0.0499999999999972,67.3896199
65.85,400,0.4,33448,-14,-107.692,-11.277,0.0500000000000114,67.409919
65.9,400,0.4,33434,-14,-107.692,-11.277,0.0499999999999972,67.4774516
65.95,402,0.402,33420,-14,-107.692,-11.277,0.0499999999999972,67.5179207
66,404,0.404,33405,-15,-115.384,-12.083,0.0499999999999972,67.5650081
66.05,407,0.407,33390,-15,-115.384,-12.083,0.0499999999999972,67.6100814
66.1,411,0.411,33376,-14,-107.692,-11.277,0.0500000000000114,67.656888
66.15,415,0.415,33360,-16,-123.076,-12.888,0.0499999999999972,67.7414996
66.2,421,0.421,33345,-15,-115.384,-12.083,0.0499999999999972,67.7658032
66.25,426,0.426,33330,-15,-115.384,-12.083,0.0499999999999972,67.8297214
66.3,433,0.433,33314,-16,-123.076,-12.888,0.0499999999999972,67.8636914
66.35,440,0.44,33298,-16,-123.076,-12.888,0.0500000000000114,67.9218673
66.4,448,0.448,33282,-16,-123.076,-12.888,0.0499999999999972,67.9631054
66.45,456,0.456,33264,-18,-138.461,-14.499,0.0499999999999972,68.0151426
66.5,465,0.465,33248,-16,-123.076,-12.888,0.0499999999999972,68.1018296
66.55,475,0.475,33230,-18,-138.461,-14.499,0.0499999999999972,68.1195483
66.6,485,0.485,33212,-18,-138.461,-14.499,0.0500000000000114,68.1895429
66.65,495,0.495,33194,-18,-138.461,-14.499,0.0499999999999972,68.2113732
66.7,506,0.506,33176,-18,-138.461,-14.499,0.0499999999999972,68.2774207
66.75,517,0.517,33157,-19,-146.153,-15.305,0.0499999999999972,68.3095435
66.8,528,0.528,33137,-20,-153.846,-16.11,0.0499999999999972,68.3714706
66.85,540,0.54,33117,-20,-153.846,-16.11,0.0500000000000114,68.454672
66.9,552,0.552,33096,-21,-161.538,-16.916,0.0499999999999972,68.4650902
66.95,565,0.565,33075,-21,-161.538,-16.916,0.0499999999999972,68.5413289
67,577,0.577,33053,-22,-169.23,-17.721,0.0499999999999972,68.5658792
67.05,589,0.589,33031,-22,-169.23,-17.721,0.0499999999999972,68.6276355
67.1,602,0.602,33008,-23,-176.923,-18.527,0.0500000000000114,68.6606693
67.15,614,0.614,32984,-24,-184.615,-19.332,0.0499999999999972,68.7154426
67.2,627,0.627,32960,-24,-184.615,-19.332,0.0499999999999972,68.758581
67.25,639,0.639,32935,-25,-192.307,-20.138,0.0499999999999972,68.8209952
67.3,652,0.652,32910,-25,-192.307,-20.138,0.0499999999999972,68.8902459
67.35,664,0.664,32884,-26,-200,-20.943,0.0500000000000114,68.9163765
67.4,675,0.675,32857,-27,-207.692,-21.749,0.0499999999999972,68.9829707
67.45,687,0.687,32830,-27,-207.692,-21.749,0.0499999999999972,69.0107414
67.5,698,0.698,32802,-28,-215.384,-22.555,0.0499999999999972,69.0705465
67.55,709,0.709,32775,-27,-207.692,-21.749,0.0499999999999972,69.1100333
67.6,719,0.719,32746,-29,-223.076,-23.36,0.0500000000000114,69.1678551
67.65,729,0.729,32717,-29,-223.076,-23.36,0.0499999999999972,69.2496237
67.7,738,0.738,32688,-29,-223.076,-23.36,0.0499999999999972,69.2618374
67.75,747,0.747,32658,-30,-230.769,-24.166,0.0499999999999972,69.3372274
67.8,756,0.756,32628,-30,-230.769,-24.166,0.0499999999999972,69.3701312
67.85,763,0.763,32597,-31,-238.461,-24.971,0.0500000000000114,69.4226848
67.9,770,0.77,32566,-31,-238.461,-24.971,0.0499999999999972,69.4702049
67.95,776,0.776,32534,-32,-246.153,-25.777,0.0499999999999972,69.5160651
68,782,0.782,32502,-32,-246.153,-25.777,0.0499999999999972,69.5969423
68.05,787,0.787,32470,-32,-246.153,-25.777,0.0499999999999972,69.6106596
68.1,791,0.791,32438,-32,-246.153,-25.777,0.0500000000000114,69.6841643
68.15,794,0.794,32405,-33,-253.846,-26.582,0.0499999999999972,69.7199653
68.2,797,0.797,32372,-33,-253.846,-26.582,0.0499999999999972,69.7693734
68.25,798,0.798,32340,-32,-246.153,-25.777,0.0499999999999972,69.8136056
68.3,799,0.799,32307,-33,-253.846,-26.582,0.0500000000000114,69.8660911
68.35,799,0.799,32274,-33,-253.846,-26.582,0.0499999999999972,69.943652
68.4,799,0.799,32241,-33,-253.846,-26.582,0.0499999999999972,69.9696687
68.45,797,0.797,32208,-33,-253.846,-26.582,0.0499999999999972,70.0336639
68.5,795,0.795,32175,-33,-253.846,-26.582,0.0499999999999972,70.0658091
68.55,792,0.792,32142,-33,-253.846,-26.582,0.0500000000000114,70.122686
68.6,788,0.788,32110,-32,-246.153,-25.777,0.0499999999999972,70.160519
68.65,783,0.783,32077,-33,-253.846,-26.582,0.0499999999999972,70.2195857
68.7,777,0.777,32044,-33,-253.846,-26.582,0.0499999999999972,70.2998383
68.75,771,0.771,32012,-32,-246.153,-25.777,0.0499999999999972,70.3121852
68.8,764,0.764,31980,-32,-246.153,-25.777,0.0500000000000114,70.3887853
68.85,757,0.757,31949,-31,-238.461,-24.971,0.0499999999999972,70.4064868
68.9,748,0.748,31918,-31,-238.461,-24.971,0.0499999999999972,70.4772212
68.95,739,0.739,31887,-31,-238.461,-24.971,0.0499999999999972,70.5162555
69,730,0.73,31857,-30,-230.769,-24.166,0.0499999999999972,70.5683628
69.05,720,0.72,31826,-31,-238.461,-24.971,0.0500000000000114,70.614872
69.1,709,0.709,31798,-28,-215.384,-22.555,0.0499999999999972,70.661968
69.15,698,0.698,31768,-30,-230.769,-24.166,0.0499999999999972,70.7431809
69.2,687,0.687,31740,-28,-215.384,-22.555,0.0499999999999972,70.770448
69.25,675,0.675,31712,-28,-215.384,-22.555,0.0499999999999972,70.8303825
69.3,663,0.663,31684,-28,-215.384,-22.555,0.0500000000000114,70.8672822
69.35,650,0.65,31657,-27,-207.692,-21.749,0.0499999999999972,70.9179433
69.4,637,0.637,31630,-27,-207.692,-21.749,0.0499999999999972,70.9612142
69.45,625,0.625,31604,-26,-200,-20.943,0.0499999999999972,71.0194755
69.5,612,0.612,31580,-24,-184.615,-19.332,0.0499999999999972,71.1021019
69.55,599,0.599,31555,-25,-192.307,-20.138,0.0500000000000114,71.1147737
69.6,586,0.586,31531,-24,-184.615,-19.332,0.0499999999999972,71.1893659
69.65,573,0.573,31508,-23,-176.923,-18.527,0.0499999999999972,71.2178876
69.7,560,0.56,31485,-23,-176.923,-18.527,0.0499999999999972,71.2756941
69.75,547,0.547,31463,-22,-169.23,-17.721,0.0499999999999972,71.3152325
69.8,534,0.534,31442,-21,-161.538,-16.916,0.0500000000000114,71.3629654
69.85,522,0.522,31420,-22,-169.23,-17.721,0.0499999999999972,71.4106275
69.9,510,0.51,31400,-20,-153.846,-16.11,0.0499999999999972,71.4607136
69.95,499,0.499,31380,-20,-153.846,-16.11,0.0499999999999972,71.5421544
70,488,0.488,31362,-18,-138.461,-14.499,0.0499999999999972,71.5554587
70.05,477,0.477,31342,-20,-153.846,-16.11,0.0500000000000114,71.6277161
70.1,467,0.467,31324,-18,-138.461,-14.499,0.0499999999999972,71.6651105
70.15,457,0.457,31306,-18,-138.461,-14.499,0.0499999999999972,71.7142858
70.2,448,0.448,31288,-18,-138.461,-14.499,0.0499999999999972,71.7593989
70.25,440,0.44,31271,-17,-130.769,-13.694,0.0499999999999972,71.8062117
70.3,432,0.432,31254,-17,-130.769,-13.694,0.0500000000000114,71.8879008
70.35,426,0.426,31238,-16,-123.076,-12.888,0.0499999999999972,71.9160981
70.4,419,0.419,31222,-16,-123.076,-12.888,0.0499999999999972,71.9773527
70.45,414,0.414,31207,-15,-115.384,-12.083,0.0499999999999972,72.0185807
70.5,410,0.41,31192,-15,-115.384,-12.083,0.0499999999999972,72.0649086
70.55,406,0.406,31177,-15,-115.384,-12.083,0.0500000000000114,72.1517878
70.6,403,0.403,31162,-15,-115.384,-12.083,0.0499999999999972,72.1649735
70.65,401,0.401,31148,-14,-107.692,-11.277,0.0499999999999972,72.2394252
70.7,400,0.4,31134,-14,-107.692,-11.277,0.0499999999999972,72.257785
70.75,400,0.4,31119,-15,-115.384,-12.083,0.0499999999999972,72.3248898
70.8,400,0.4,31105,-14,-107.692,-11.277,0.0500000000000114,72.3650428
70.85,402,0.402,31090,-15,-115.384,-12.083,0.0499999999999972,72.4129642
70.9,404,0.404,31076,-14,-107.692,-11.277,0.0499999999999972,72.4988642
70.95,407,0.407,31061,-15,-115.384,-12.083,0.0499999999999972,72.5063574
71,411,0.411,31046,-15,-115.384,-12.083,0.0499999999999972,72.5873368
71.05,416,0.416,31032,-14,-107.692,-11.277,0.0500000000000114,72.6195662
71.1,422,0.422,31017,-15,-115.384,-12.083,0.0499999999999972,72.6806513
71.15,429,0.429,31002,-15,-115.384,-12.083,0.0499999999999972,72.7165466
71.2,436,0.436,30986,-16,-123.076,-12.888,0.0499999999999972,72.7698098
71.25,444,0.444,30970,-16,-123.076,-12.888,0.0499999999999972,72.809598
71.3,453,0.453,30954,-16,-123.076,-12.888,0.0500000000000114,72.8593568
71.35,462,0.462,30937,-17,-130.769,-13.694,0.0499999999999972,72.9470857
71.4,472,0.472,30920,-17,-130.769,-13.694,0.0499999999999972,72.9698057
71.45,483,0.483,30902,-18,-138.461,-14.499,0.0499999999999972,73.0372044
71.5,494,0.494,30884,-18,-138.461,-14.499,0.0499999999999972,73.0677292
71.55,506,0.506,30865,-19,-146.153,-15.305,0.0500000000000114,73.13052
71.6,518,0.518,30846,-19,-146.153,-15.305,0.0499999999999972,73.1661166
71.65,531,0.531,30826,-20,-153.846,-16.11,0.0499999999999972,73.2204449
71.7,543,0.543,30805,-21,-161.538,-16.916,0.0499999999999972,73.260843
71.75,556,0.556,30784,-21,-161.538,-16.916,0.0499999999999972,73.3150273
71.8,570,0.57,30763,-21,-161.538,-16.916,0.0500000000000114,73.3948142
71.85,583,0.583,30741,-22,-169.23,-17.721,0.0499999999999972,73.4150609
71.9,597,0.597,30718,-23,-176.923,-18.527,0.0499999999999972,73.4814304
71.95,610,0.61,30696,-22,-169.23,-17.721,0.0499999999999972,73.5095726
72,624,0.624,30672,-24,-184.615,-19.332,0.0499999999999972,73.5692025
72.05,637,0.637,30647,-25,-192.307,-20.138,0.0500000000000114,73.6063603
72.1,650,0.65,30622,-25,-192.307,-20.138,0.0499999999999972,73.6666103
72.15,663,0.663,30596,-26,-200,-20.943,0.0499999999999972,73.7429541
72.2,676,0.676,30570,-26,-200,-20.943,0.0499999999999972,73.7699829
72.25,688,0.688,30543,-27,-207.692,-21.749,0.0499999999999972,73.8335754
72.3,700,0.7,30516,-27,-207.692,-21.749,0.0500000000000114,73.8639422
72.35,712,0.712,30487,-29,-223.076,-23.36,0.0499999999999972,73.9264761
72.4,723,0.723,30458,-29,-223.076,-23.36,0.0499999999999972,73.9572071
72.45,733,0.733,30429,-29,-223.076,-23.36,0.0499999999999972,74.0194261
72.5,743,0.743,30399,-30,-230.769,-24.166,0.0499999999999972,74.1020572
72.55,752,0.752,30369,-30,-230.769,-24.166,0.0500000000000114,74.1122778
72.6,761,0.761,30338,-31,-238.461,-24.971,0.0499999999999972,74.18826
72.65,768,0.768,30308,-30,-230.769,-24.166,0.0499999999999972,74.2205031
72.7,775,0.775,30276,-32,-246.153,-25.777,0.0499999999999972,74.277512
72.75,781,0.781,30244,-32,-246.153,-25.777,0.0499999999999972,74.3147376
72.8,787,0.787,30213,-31,-238.461,-24.971,0.0500000000000114,74.3695549
72.85,791,0.791,30180,-33,-253.846,-26.582,0.0499999999999972,74.4519979
72.9,795,0.795,30148,-32,-246.153,-25.777,0.0499999999999972,74.4703743
72.95,797,0.797,30116,-32,-246.153,-25.777,0.0499999999999972,74.5416769
73,799,0.799,30082,-34,-261.538,-27.388,0.0499999999999972,74.5646858
73.05,799,0.799,30050,-32,-246.153,-25.777,0.0500000000000114,74.6293483
73.1,799,0.799,30016,-34,-261.538,-27.388,0.0499999999999972,74.659844
73.15,798,0.798,29984,-32,-246.153,-25.777,0.0499999999999972,74.7174306
73.2,796,0.796,29950,-34,-261.538,-27.388,0.0499999999999972,74.7593986
73.25,793,0.793,29918,-32,-246.153,-25.777,0.0499999999999972,74.8065074
73.3,789,0.789,29886,-32,-246.153,-25.777,0.0500000000000114,74.8928803
73.35,784,0.784,29853,-33,-253.846,-26.582,0.0499999999999972,74.919613
73.4,778,0.778,29820,-33,-253.846,-26.582,0.0499999999999972,74.9824792
73.45,771,0.771,29788,-32,-246.153,-25.777,0.0499999999999972,75.0087129
73.5,764,0.764,29757,-31,-238.461,-24.971,0.0499999999999972,75.0742469
73.55,756,0.756,29726,-31,-238.461,-24.971,0.0500000000000114,75.1141319
73.6,747,0.747,29694,-32,-246.153,-25.777,0.0499999999999972,75.163976
73.65,737,0.737,29663,-31,-238.461,-24.971,0.0499999999999972,75.20708
73.7,726,0.726,29633,-30,-230.769,-24.166,0.0499999999999972,75.2693274
73.75,715,0.715,29603,-30,-230.769,-24.166,0.0499999999999972,75.3372706
73.8,704,0.704,29574,-29,-223.076,-23.36,0.0500000000000114,75.362275
73.85,692,0.692,29545,-29,-223.076,-23.36,0.0499999999999972,75.4255403
73.9,679,0.679,29516,-29,-223.076,-23.36,0.0499999999999972,75.4560302
73.95,666,0.666,29489,-27,-207.692,-21.749,0.0499999999999972,75.5199058
74,653,0.653,29462,-27,-207.692,-21.749,0.0499999999999972,75.6007078
74.05,639,0.639,29436,-26,-200,-20.943,0.0500000000000114,75.6110171
74.1,625,0.625,29410,-26,-200,-20.943,0.0499999999999972,75.6876322
74.15,611,0.611,29385,-25,-192.307,-20.138,0.0499999999999972,75.7198876
74.2,597,0.597,29360,-25,-192.307,-20.138,0.0499999999999972,75.7743809
74.25,583,0.583,29336,-24,-184.615,-19.332,0.0499999999999972,75.8104133
74.3,570,0.57,29313,-23,-176.923,-18.527,0.0500000000000114,75.8623643
74.35,556,0.556,29290,-23,-176.923,-18.527,0.0499999999999972,75.9053161
74.4,542,0.542,29268,-22,-169.23,-17.721,0.0499999999999972,75.9583817
74.45,529,0.529,29247,-21,-161.538,-16.916,0.0499999999999972,76.0423926
74.5,516,0.516,29226,-21,-161.538,-16.916,0.0499999999999972,76.0653536
74.55,503,0.503,29206,-20,-153.846,-16.11,0.0500000000000114,76.1297501
74.6,491,0.491,29186,-20,-153.846,-16.11,0.0499999999999972,76.1596223
74.65,480,0.48,29167,-19,-146.153,-15.305,0.0499999999999972,76.2204236
74.7,469,0.469,29148,-19,-146.153,-15.305,0.0499999999999972,76.2604563
74.75,458,0.458,29131,-17,-130.769,-13.694,0.0499999999999972,76.3099931
74.8,449,0.449,29114,-17,-130.769,-13.694,0.0500000000000114,76.3960521
74.85,440,0.44,29097,-17,-130.769,-13.694,0.0499999999999972,76.4165316
74.9,432,0.432,29081,-16,-123.076,-12.888,0.0499999999999972,76.4851513
74.95,424,0.424,29064,-17,-130.769,-13.694,0.0499999999999972,76.5111235
75,418,0.418,29048,-16,-123.076,-12.888,0.0499999999999972,76.5724833
75.05,413,0.413,29034,-14,-107.692,-11.277,0.0500000000000114,76.6192195
75.1,408,0.408,29018,-16,-123.076,-12.888,0.0499999999999972,76.6666217
75.15,404,0.404,29003,-15,-115.384,-12.083,0.0499999999999972,76.7494951
75.2,402,0.402,28989,-14,-107.692,-11.277,0.0499999999999972,76.7614626
75.25,400,0.4,28974,-15,-115.384,-12.083,0.0499999999999972,76.836418
75.3,400,0.4,28960,-14,-107.692,-11.277,0.0500000000000114,76.8690204
75.35,400,0.4,28946,-14,-107.692,-11.277,0.0499999999999972,76.924378
75.4,401,0.401,28932,-14,-107.692,-11.277,0.0499999999999972,76.9629892
75.45,404,0.404,28917,-15,-115.384,-12.083,0.0499999999999972,77.0198635
75.5,407,0.407,28902,-15,-115.384,-12.083,0.0499999999999972,77.0586476
75.55,412,0.412,28888,-14,-107.692,-11.277,0.0500000000000114,77.1182117
75.6,417,0.417,28872,-16,-123.076,-12.888,0.0499999999999972,77.1955667
75.65,423,0.423,28857,-15,-115.384,-12.083,0.0499999999999972,77.2113697
75.7,430,0.43,28842,-15,-115.384,-12.083,0.0499999999999972,77.2832825
75.75,438,0.438,28826,-16,-123.076,-12.888,0.0499999999999972,77.3062243
75.8,447,0.447,28809,-17,-130.769,-13.694,0.0500000000000114,77.3722525
75.85,457,0.457,28792,-17,-130.769,-13.694,0.0499999999999972,77.4164735
75.9,468,0.468,28776,-16,-123.076,-12.888,0.0499999999999972,77.4648047
75.95,479,0.479,28758,-18,-138.461,-14.499,0.0499999999999972,77.5484965
76,490,0.49,28740,-18,-138.461,-14.499,0.0499999999999972,77.5596071
76.05,503,0.503,28722,-18,-138.461,-14.499,0.0500000000000114,77.6367291
76.1,516,0.516,28704,-18,-138.461,-14.499,0.0499999999999972,77.663585
76.15,529,0.529,28684,-20,-153.846,-16.11,0.0499999999999972,77.7235412
76.2,542,0.542,28664,-20,-153.846,-16.11,0.0499999999999972,77.7569788
76.25,556,0.556,28643,-21,-161.538,-16.916,0.0499999999999972,77.8194883
76.3,571,0.571,28622,-21,-161.538,-16.916,0.0500000000000114,77.8988227
76.35,585,0.585,28600,-22,-169.23,-17.721,0.0499999999999972,77.9111179
76.4,599,0.599,28577,-23,-176.923,-18.527,0.0499999999999972,77.9865775
76.45,614,0.614,28554,-23,-176.923,-18.527,0.0499999999999972,78.012375
76.5,628,0.628,28530,-24,-184.615,-19.332,0.0499999999999972,78.0764889
76.55,642,0.642,28505,-25,-192.307,-20.138,0.0500000000000114,78.1170283
76.6,657,0.657,28480,-25,-192.307,-20.138,0.0499999999999972,78.1647724
76.65,670,0.67,28453,-27,-207.692,-21.749,0.0499999999999972,78.250387
76.7,684,0.684,28426,-27,-207.692,-21.749,0.0499999999999972,78.2595227
76.75,697,0.697,28399,-27,-207.692,-21.749,0.0499999999999972,78.3365103
76.8,709,0.709,28371,-28,-215.384,-22.555,0.0500000000000114,78.3694756
76.85,721,0.721,28342,-29,-223.076,-23.36,0.0499999999999972,78.4263902
76.9,732,0.732,28313,-29,-223.076,-23.36,0.0499999999999972,78.4669526
76.95,743,0.743,28284,-29,-223.076,-23.36,0.0499999999999972,78.514688
77,752,0.752,28254,-30,-230.769,-24.166,0.0499999999999972,78.6055828
77.05,761,0.761,28223,-31,-238.461,-24.971,0.0500000000000114,78.61039
77.1,770,0.77,28192,-31,-238.461,-24.971,0.0499999999999972,78.6953301
77.15,777,0.777,28161,-31,-238.461,-24.971,0.0499999999999972,78.7046926
77.2,783,0.783,28129,-32,-246.153,-25.777,0.0499999999999972,78.7823802
77.25,788,0.788,28097,-32,-246.153,-25.777,0.0499999999999972,78.8131737
77.3,793,0.793,28065,-32,-246.153,-25.777,0.0500000000000114,78.8706842
77.35,796,0.796,28032,-33,-253.846,-26.582,0.0499999999999972,78.9072954
77.4,798,0.798,28000,-32,-246.153,-25.777,0.0499999999999972,78.9650247
77.45,799,0.799,27966,-34,-261.538,-27.388,0.0499999999999972,79.0471816
77.5,799,0.799,27933,-33,-253.846,-26.582,0.0499999999999972,79.057751
77.55,798,0.798,27900,-33,-253.846,-26.582,0.0500000000000114,79.1352333
77.6,796,0.796,27868,-32,-246.153,-25.777,0.0499999999999972,79.1581583
77.65,793,0.793,27835,-33,-253.846,-26.582,0.0499999999999972,79.2210599
77.7,789,0.789,27802,-33,-253.846,-26.582,0.0499999999999972,79.2681533
77.75,784,0.784,27770,-32,-246.153,-25.777,0.0499999999999972,79.3191282
77.8,778,0.778,27737,-33,-253.846,-26.582,0.0500000000000114,79.4032763
77.85,770,0.77,27705,-32,-246.153,-25.777,0.0499999999999972,79.414467
77.9,762,0.762,27674,-31,-238.461,-24.971,0.0499999999999972,79.4974624
77.95,753,0.753,27642,-32,-246.153,-25.777,0.0499999999999972,79.5174679
78,743,0.743,27611,-31,-238.461,-24.971,0.0499999999999972,79.5834955
78.05,733,0.733,27580,-31,-238.461,-24.971,0.0500000000000114,79.6106016
78.1,721,0.721,27550,-30,-230.769,-24.166,0.0499999999999972,79.6695543
78.15,709,0.709,27520,-30,-230.769,-24.166,0.0499999999999972,79.7052252
78.2,696,0.696,27491,-29,-223.076,-23.36,0.0499999999999972,79.767943
78.25,683,0.683,27463,-28,-215.384,-22.555,0.0499999999999972,79.8549064
78.3,670,0.67,27435,-28,-215.384,-22.555,0.0500000000000114,79.8605291
78.35,655,0.655,27408,-27,-207.692,-21.749,0.0499999999999972,79.945234
78.4,641,0.641,27381,-27,-207.692,-21.749,0.0499999999999972,79.9679098
78.45,626,0.626,27356,-25,-192.307,-20.138,0.0499999999999972,80.0347813
78.5,612,0.612,27330,-26,-200,-20.943,0.0499999999999972,80.0607367
78.55,597,0.597,27306,-24,-184.615,-19.332,0.0500000000000114,80.1278291
78.6,582,0.582,27282,-24,-184.615,-19.332,0.0499999999999972,80.1641929
78.65,567,0.567,27258,-24,-184.615,-19.332,0.0499999999999972,80.2168406
78.7,552,0.552,27236,-22,-169.23,-17.721,0.0499999999999972,80.2597053
78.75,538,0.538,27214,-22,-169.23,-17.721,0.0499999999999972,80.3088972
78.8,524,0.524,27192,-22,-169.23,-17.721,0.0500000000000114,80.3993963
78.85,510,0.51,27172,-20,-153.846,-16.11,0.0499999999999972,80.4120124
78.9,497,0.497,27152,-20,-153.846,-16.11,0.0499999999999972,80.4859833
78.95,485,0.485,27132,-20,-153.846,-16.11,0.0499999999999972,80.5050429
79,473,0.473,27114,-18,-138.461,-14.499,0.0499999999999972,80.5790329
79.05,461,0.461,27096,-18,-138.461,-14.499,0.0500000000000114,80.619601
79.1,451,0.451,27078,-18,-138.461,-14.499,0.0499999999999972,80.6681963
79.15,441,0.441,27062,-16,-123.076,-12.888,0.0499999999999972,80.712989
79.2,433,0.433,27046,-16,-123.076,-12.888,0.0499999999999972,80.7593837
79.25,425,0.425,27029,-17,-130.769,-13.694,0.0499999999999972,80.8061383
79.3,418,0.418,27014,-15,-115.384,-12.083,0.0500000000000114,80.8693304
79.35,412,0.412,26998,-16,-123.076,-12.888,0.0499999999999972,80.9430769
79.4,407,0.407,26983,-15,-115.384,-12.083,0.0499999999999972,80.9633896
79.45,404,0.404,26968,-15,-115.384,-12.083,0.0499999999999972,81.0357428
79.5,401,0.401,26954,-14,-107.692,-11.277,0.0499999999999972,81.0580217
79.55,400,0.4,26939,-15,-115.384,-12.083,0.0500000000000114,81.1257079
79.6,400,0.4,26925,-14,-107.692,-11.277,0.0499999999999972,81.1570479
79.65,400,0.4,26910,-15,-115.384,-12.083,0.0499999999999972,81.2181521
79.7,402,0.402,26896,-14,-107.692,-11.277,0.0499999999999972,81.2622578
79.75,406,0.406,26882,-14,-107.692,-11.277,0.0499999999999972,81.3102673
79.8,410,0.41,26867,-15,-115.384,-12.083,0.0500000000000114,81.3916559
79.85,415,0.415,26852,-15,-115.384,-12.083,0.0499999999999972,81.4181099
79.9,422,0.422,26837,-15,-115.384,-12.083,0.0499999999999972,81.4798272
79.95,429,0.429,26821,-16,-123.076,-12.888,0.0499999999999972,81.5098555
80,437,0.437,26805,-16,-123.076,-12.888,0.0499999999999972,81.5692614
80.05,447,0.447,26789,-16,-123.076,-12.888,0.0500000000000114,81.660313
80.1,457,0.457,26772,-17,-130.769,-13.694,0.0499999999999972,81.6658181
80.15,468,0.468,26756,-16,-123.076,-12.888,0.0499999999999972,81.7508694
80.2,480,0.48,26738,-18,-138.461,-14.499,0.0499999999999972,81.7591911
80.25,493,0.493,26720,-18,-138.461,-14.499,0.0499999999999972,81.8409323
80.3,506,0.506,26702,-18,-138.461,-14.499,0.0500000000000114,81.8670801
80.35,519,0.519,26682,-20,-153.846,-16.11,0.0499999999999972,81.9317169
80.4,534,0.534,26663,-19,-146.153,-15.305,0.0499999999999972,81.9620221
80.45,548,0.548,26642,-21,-161.538,-16.916,0.0499999999999972,82.0208603
80.5,563,0.563,26622,-20,-153.846,-16.11,0.0499999999999972,82.054828
80.55,578,0.578,26600,-22,-169.23,-17.721,0.0500000000000114,82.1175928
80.6,594,0.594,26577,-23,-176.923,-18.527,0.0499999999999972,82.1629308
80.65,609,0.609,26554,-23,-176.923,-18.527,0.0499999999999972,82.2167775
80.7,624,0.624,26530,-24,-184.615,-19.332,0.0499999999999972,82.2969211
80.75,639,0.639,26506,-24,-184.615,-19.332,0.0499999999999972,82.308412
80.8,654,0.654,26481,-25,-192.307,-20.138,0.0500000000000114,82.3862692
80.85,669,0.669,26455,-26,-200,-20.943,0.0499999999999972,82.4119689
80.9,683,0.683,26428,-27,-207.692,-21.749,0.0499999999999972,82.4749131
80.95,697,0.697,26401,-27,-207.692,-21.749,0.0499999999999972,82.5061633
81,710,0.71,26373,-28,-215.384,-22.555,0.0499999999999972,82.5665509
81.05,723,0.723,26344,-29,-223.076,-23.36,0.0500000000000114,82.6119436
81.1,734,0.734,26315,-29,-223.076,-23.36,0.0499999999999972,82.6619012
81.15,745,0.745,26286,-29,-223.076,-23.36,0.0499999999999972,82.7420503
81.2,755,0.755,26255,-31,-238.461,-24.971,0.0499999999999972,82.7557239
81.25,765,0.765,26225,-30,-230.769,-24.166,0.0499999999999972,82.8291887
81.3,773,0.773,26194,-31,-238.461,-24.971,0.0500000000000114,82.8694886
81.35,780,0.78,26162,-32,-246.153,-25.777,0.0499999999999972,82.9177976
81.4,786,0.786,26130,-32,-246.153,-25.777,0.0499999999999972,82.9579953
81.45,791,0.791,26098,-32,-246.153,-25.777,0.0499999999999972,83.0086751
81.5,795,0.795,26066,-32,-246.153,-25.777,0.0499999999999972,83.0949864
81.55,798,0.798,26033,-33,-253.846,-26.582,0.0500000000000114,83.1150666
81.6,799,0.799,26000,-33,-253.846,-26.582,0.0499999999999972,83.1831098
81.65,799,0.799,25967,-33,-253.846,-26.582,0.0499999999999972,83.209178
81.7,799,0.799,25934,-33,-253.846,-26.582,0.0499999999999972,83.2738638
81.75,796,0.796,25901,-33,-253.846,-26.582,0.0499999999999972,83.3152795
81.8,793,0.793,25868,-33,-253.846,-26.582,0.0500000000000114,83.3632176
81.85,789,0.789,25836,-32,-246.153,-25.777,0.0499999999999972,83.4096649
81.9,783,0.783,25803,-33,-253.846,-26.582,0.0499999999999972,83.4552192
81.95,776,0.776,25771,-32,-246.153,-25.777,0.0499999999999972,83.5383436
82,768,0.768,25739,-32,-246.153,-25.777,0.0499999999999972,83.5627045
82.05,759,0.759,25707,-32,-246.153,-25.777,0.0500000000000114,83.6253519
82.1,750,0.75,25676,-31,-238.461,-24.971,0.0499999999999972,83.6558615
82.15,739,0.739,25645,-31,-238.461,-24.971,0.0499999999999972,83.7129489
82.2,727,0.727,25614,-31,-238.461,-24.971,0.0499999999999972,83.7596289
82.25,715,0.715,25584,-30,-230.769,-24.166,0.0499999999999972,83.8063415
82.3,702,0.702,25555,-29,-223.076,-23.36,0.0500000000000114,83.8919021
82.35,688,0.688,25526,-29,-223.076,-23.36,0.0499999999999972,83.9148593
82.4,673,0.673,25498,-28,-215.384,-22.555,0.0499999999999972,83.9826718
82.45,659,0.659,25470,-28,-215.384,-22.555,0.0499999999999972,84.0081587
82.5,643,0.643,25444,-26,-200,-20.943,0.0499999999999972,84.0705908
82.55,628,0.628,25418,-26,-200,-20.943,0.0500000000000114,84.1081889
82.6,612,0.612,25392,-26,-200,-20.943,0.0499999999999972,84.157308
82.65,597,0.597,25368,-24,-184.615,-19.332,0.0499999999999972,84.2435953
82.7,581,0.581,25344,-24,-184.615,-19.332,0.0499999999999972,84.2595296
82.75,565,0.565,25320,-24,-184.615,-19.332,0.0499999999999972,84.3294594
82.8,550,0.55,25298,-22,-169.23,-17.721,0.0500000000000114,84.3538335
82.85,535,0.535,25276,-22,-169.23,-17.721,0.0499999999999972,84.4165437
82.9,520,0.52,25256,-20,-153.846,-16.11,0.0499999999999972,84.4632298
82.95,506,0.506,25236,-20,-153.846,-16.11,0.0499999999999972,84.5154831
83,492,0.492,25216,-20,-153.846,-16.11,0.0499999999999972,84.5920498
83.05,479,0.479,25196,-20,-153.846,-16.11,0.0500000000000114,84.6082933
83.1,467,0.467,25178,-18,-138.461,-14.499,0.0499999999999972,84.6775167
83.15,455,0.455,25160,-18,-138.461,-14.499,0.0499999999999972,84.7148446
83.2,445,0.445,25142,-18,-138.461,-14.499,0.0499999999999972,84.7630086
83.25,435,0.435,25126,-16,-123.076,-12.888,0.0499999999999972,84.8094962
83.3,427,0.427,25109,-17,-130.769,-13.694,0.0500000000000114,84.8547635
83.35,419,0.419,25093,-16,-123.076,-12.888,0.0499999999999972,84.9355063
83.4,413,0.413,25078,-15,-115.384,-12.083,0.0499999999999972,84.95959
83.45,408,0.408,25062,-16,-123.076,-12.888,0.0499999999999972,85.0241993
83.5,404,0.404,25048,-14,-107.692,-11.277,0.0499999999999972,85.0542346
83.55,401,0.401,25033,-15,-115.384,-12.083,0.0500000000000114,85.1098668
83.6,400,0.4,25018,-15,-115.384,-12.083,0.0499999999999972,85.1961402
83.65,400,0.4,25004,-14,-107.692,-11.277,0.0499999999999972,85.2129234
83.7,401,0.401,24990,-14,-107.692,-11.277,0.0499999999999972,85.285024
83.75,403,0.403,24976,-14,-107.692,-11.277,0.0499999999999972,85.3063131
83.8,407,0.407,24961,-15,-115.384,-12.083,0.0500000000000114,85.376403
83.85,411,0.411,24946,-15,-115.384,-12.083,0.0499999999999972,85.4156887
83.9,418,0.418,24931,-15,-115.384,-12.083,0.0499999999999972,85.4698531
83.95,425,0.425,24916,-15,-115.384,-12.083,0.0499999999999972,85.5105464
84,433,0.433,24901,-15,-115.384,-12.083,0.0499999999999972,85.5684725
84.05,443,0.443,24885,-16,-123.076,-12.888,0.0500000000000114,85.6464227
84.1,453,0.453,24869,-16,-123.076,-12.888,0.0499999999999972,85.6618885
84.15,464,0.464,24852,-17,-130.769,-13.694,0.0499999999999972,85.7345788
84.2,477,0.477,24836,-16,-123.076,-12.888,0.0499999999999972,85.762777
84.25,490,0.49,24818,-18,-138.461,-14.499,0.0499999999999972,85.8224283
84.3,503,0.503,24799,-19,-146.153,-15.305,0.0500000000000114,85.8618912
84.35,518,0.518,24780,-19,-146.153,-15.305,0.0499999999999972,85.9144692
84.4,533,0.533,24760,-20,-153.846,-16.11,0.0499999999999972,85.9971003
84.45,548,0.548,24739,-21,-161.538,-16.916,0.0499999999999972,86.0063196
84.5,564,0.564,24718,-21,-161.538,-16.916,0.0499999999999972,86.0862953
84.55,580,0.58,24696,-22,-169.23,-17.721,0.0500000000000114,86.1162856
84.6,596,0.596,24674,-22,-169.23,-17.721,0.0499999999999972,86.1732828
84.65,612,0.612,24650,-24,-184.615,-19.332,0.0499999999999972,86.2155451
84.7,628,0.628,24627,-23,-176.923,-18.527,0.0499999999999972,86.266617
84.75,644,0.644,24602,-25,-192.307,-20.138,0.0499999999999972,86.349127
84.8,660,0.66,24577,-25,-192.307,-20.138,0.0500000000000114,86.3579299
84.85,675,0.675,24550,-27,-207.692,-21.749,0.0499999999999972,86.438716
84.9,690,0.69,24524,-26,-200,-20.943,0.0499999999999972,86.4599007
84.95,704,0.704,24496,-28,-215.384,-22.555,0.0499999999999972,86.5271894
85,717,0.717,24468,-28,-215.384,-22.555,0.0499999999999972,86.5597221
85.05,730,0.73,24439,-29,-223.076,-23.36,0.0500000000000114,86.615554
85.1,742,0.742,24410,-29,-223.076,-23.36,0.0499999999999972,86.6542228
85.15,753,0.753,24379,-31,-238.461,-24.971,0.0499999999999972,86.7152786
85.2,763,0.763,24348,-31,-238.461,-24.971,0.0499999999999972,86.7956775
85.25,772,0.772,24318,-30,-230.769,-24.166,0.0499999999999972,86.8080765
85.3,779,0.779,24286,-32,-246.153,-25.777,0.0500000000000114,86.8909837
85.35,786,0.786,24254,-32,-246.153,-25.777,0.0499999999999972,86.9164899
85.4,791,0.791,24222,-32,-246.153,-25.777,0.0499999999999972,86.9847061
85.45,795,0.795,24189,-33,-253.846,-26.582,0.0499999999999972,87.0105123
85.5,798,0.798,24157,-32,-246.153,-25.777,0.0499999999999972,87.0717813
85.55,799,0.799,24124,-33,-253.846,-26.582,0.0500000000000114,87.1038149
85.6,799,0.799,24091,-33,-253.846,-26.582,0.0499999999999972,87.1653
85.65,798,0.798,24058,-33,-253.846,-26.582,0.0499999999999972,87.2551272
85.7,795,0.795,24025,-33,-253.846,-26.582,0.0499999999999972,87.259513
85.75,792,0.792,23992,-33,-253.846,-26.582,0.0499999999999972,87.341658
85.8,786,0.786,23960,-32,-246.153,-25.777,0.0500000000000114,87.3536336
85.85,780,0.78,23927,-33,-253.846,-26.582,0.0499999999999972,87.4288262
85.9,772,0.772,23894,-33,-253.846,-26.582,0.0499999999999972,87.4638315
85.95,763,0.763,23862,-32,-246.153,-25.777,0.0499999999999972,87.5149643
86,753,0.753,23831,-31,-238.461,-24.971,0.0499999999999972,87.6018358
86.05,742,0.742,23800,-31,-238.461,-24.971,0.0500000000000114,87.6045828
86.1,730,0.73,23770,-30,-230.769,-24.166,0.0499999999999972,87.6890461
86.15,717,0.717,23740,-30,-230.769,-24.166,0.0499999999999972,87.7144187
86.2,704,0.704,23710,-30,-230.769,-24.166,0.0499999999999972,87.7739915
86.25,689,0.689,23681,-29,-223.076,-23.36,0.0499999999999972,87.8077774
86.3,674,0.674,23653,-28,-215.384,-22.555,0.0500000000000114,87.8606126
86.35,659,0.659,23626,-27,-207.692,-21.749,0.0499999999999972,87.9060202
86.4,643,0.643,23599,-27,-207.692,-21.749,0.0499999999999972,87.9540375
86.45,627,0.627,23573,-26,-200,-20.943,0.0499999999999972,88.0381968
86.5,610,0.61,23547,-26,-200,-20.943,0.0499999999999972,88.0611566
86.55,594,0.594,23522,-25,-192.307,-20.138,0.0500000000000114,88.1276183
86.6,577,0.577,23498,-24,-184.615,-19.332,0.0499999999999972,88.1658293
86.65,561,0.561,23475,-23,-176.923,-18.527,0.0499999999999972,88.2155543
86.7,545,0.545,23453,-22,-169.23,-17.721,0.0499999999999972,88.2582258
86.75,529,0.529,23431,-22,-169.23,-17.721,0.0499999999999972,88.3119502
86.8,514,0.514,23410,-21,-161.538,-16.916,0.0500000000000114,88.3954768
86.85,499,0.499,23390,-20,-153.846,-16.11,0.0499999999999972,88.4172308
86.9,485,0.485,23372,-18,-138.461,-14.499,0.0499999999999972,88.4838195
86.95,472,0.472,23353,-19,-146.153,-15.305,0.0499999999999972,88.5117385
87,459,0.459,23335,-18,-138.461,-14.499,0.0499999999999972,88.5779293
87.05,448,0.448,23317,-18,-138.461,-14.499,0.0500000000000114,88.6153933
87.1,438,0.438,23300,-17,-130.769,-13.694,0.0499999999999972,88.6674795
87.15,428,0.428,23284,-16,-123.076,-12.888,0.0499999999999972,88.7057385
87.2,420,0.42,23268,-16,-123.076,-12.888,0.0499999999999972,88.7691954
87.25,414,0.414,23253,-15,-115.384,-12.083,0.0499999999999972,88.8405629
87.3,408,0.408,23238,-15,-115.384,-12.083,0.0500000000000114,88.8619768
87.35,404,0.404,23223,-15,-115.384,-12.083,0.0499999999999972,88.9279718
87.4,401,0.401,23208,-15,-115.384,-12.083,0.0499999999999972,88.9555652
87.45,400,0.4,23194,-14,-107.692,-11.277,0.0499999999999972,89.0185405
87.5,400,0.4,23179,-15,-115.384,-12.083,0.0499999999999972,89.0654283
87.55,401,0.401,23164,-15,-115.384,-12.083,0.0500000000000114,89.1119683
87.6,404,0.404,23150,-14,-107.692,-11.277,0.0499999999999972,89.1988033
87.65,408,0.408,23134,-16,-123.076,-12.888,0.0499999999999972,89.2163109
87.7,413,0.413,23120,-14,-107.692,-11.277,0.0499999999999972,89.2882136
87.75,420,0.42,23104,-16,-123.076,-12.888,0.0499999999999972,89.309477
87.8,428,0.428,23089,-15,-115.384,-12.083,0.0500000000000114,89.376105
87.85,438,0.438,23074,-15,-115.384,-12.083,0.0499999999999972,89.4191398
87.9,448,0.448,23058,-16,-123.076,-12.888,0.0499999999999972,89.4630945
87.95,460,0.46,23041,-17,-130.769,-13.694,0.0499999999999972,89.5509413
88,472,0.472,23024,-17,-130.769,-13.694,0.0499999999999972,89.5628041
88.05,486,0.486,23006,-18,-138.461,-14.499,0.0500000000000114,89.6413076
88.1,500,0.5,22988,-18,-138.461,-14.499,0.0499999999999972,89.6579625
88.15,515,0.515,22970,-18,-138.461,-14.499,0.0499999999999972,89.7301861
88.2,530,0.53,22950,-20,-153.846,-16.11,0.0499999999999972,89.7668924
88.25,547,0.547,22930,-20,-153.846,-16.11,0.0499999999999972,89.8172724
88.3,563,0.563,22909,-21,-161.538,-16.916,0.0500000000000114,89.859701
88.35,580,0.58,22887,-22,-169.23,-17.721,0.0499999999999972,89.9140904
88.4,597,0.597,22865,-22,-169.23,-17.721,0.0499999999999972,89.9927307
88.45,614,0.614,22842,-23,-176.923,-18.527,0.0499999999999972,90.0060111
88.5,630,0.63,22818,-24,-184.615,-19.332,0.0499999999999972,90.0783826
88.55,647,0.647,22793,-25,-192.307,-20.138,0.0500000000000114,90.1156059
88.6,663,0.663,22768,-25,-192.307,-20.138,0.0499999999999972,90.1666449
88.65,679,0.679,22740,-28,-215.384,-22.555,0.0499999999999972,90.2042064
88.7,694,0.694,22714,-26,-200,-20.943,0.0499999999999972,90.2581377
88.75,709,0.709,22686,-28,-215.384,-22.555,0.0499999999999972,90.343675
88.8,723,0.723,22657,-29,-223.076,-23.36,0.0500000000000114,90.3529945
88.85,736,0.736,22628,-29,-223.076,-23.36,0.0499999999999972,90.4364655
88.9,748,0.748,22598,-30,-230.769,-24.166,0.0499999999999972,90.4655529
88.95,759,0.759,22568,-30,-230.769,-24.166,0.0499999999999972,90.5245077
89,768,0.768,22537,-31,-238.461,-24.971,0.0499999999999972,90.5595318
89.05,777,0.777,22506,-31,-238.461,-24.971,0.0500000000000114,90.6134988
89.1,784,0.784,22474,-32,-246.153,-25.777,0.0499999999999972,90.652983
89.15,790,0.79,22442,-32,-246.153,-25.777,0.0499999999999972,90.7178243
89.2,795,0.795,22410,-32,-246.153,-25.777,0.0499999999999972,90.788306
89.25,798,0.798,22377,-33,-253.846,-26.582,0.0499999999999972,90.8127871
89.3,799,0.799,22344,-33,-253.846,-26.582,0.0500000000000114,90.8785294
89.35,799,0.799,22311,-33,-253.846,-26.582,0.0499999999999972,90.9037941
89.4,798,0.798,22278,-33,-253.846,-26.582,0.0499999999999972,90.97007
89.45,795,0.795,22245,-33,-253.846,-26.582,0.0499999999999972,91.0119879
89.5,791,0.791,22212,-33,-253.846,-26.582,0.0499999999999972,91.058273
89.55,786,0.786,22179,-33,-253.846,-26.582,0.0500000000000114,91.1047155
89.6,779,0.779,22147,-32,-246.153,-25.777,0.0499999999999972,91.1529237
89.65,770,0.77,22115,-32,-246.153,-25.777,0.0499999999999972,91.2330643
89.7,761,0.761,22083,-32,-246.153,-25.777,0.0499999999999972,91.2619497
89.75,750,0.75,22052,-31,-238.461,-24.971,0.0499999999999972,91.3199039
89.8,738,0.738,22020,-32,-246.153,-25.777,0.0500000000000114,91.3650334
89.85,725,0.725,21990,-30,-230.769,-24.166,0.0499999999999972,91.4107266
89.9,711,0.711,21960,-30,-230.769,-24.166,0.0499999999999972,91.4956387
89.95,696,0.696,21931,-29,-223.076,-23.36,0.0499999999999972,91.5058911
90,681,0.681,21902,-29,-223.076,-23.36,0.0499999999999972,91.5840274
90.05,665,0.665,21874,-28,-215.384,-22.555,0.0500000000000114,91.6166186
90.1,648,0.648,21847,-27,-207.692,-21.749,0.0499999999999972,91.6734667
90.15,631,0.631,21820,-27,-207.692,-21.749,0.0499999999999972,91.7129815
90.2,614,0.614,21795,-25,-192.307,-20.138,0.0499999999999972,91.7633286
90.25,597,0.597,21770,-25,-192.307,-20.138,0.0499999999999972,91.8516967
90.3,580,0.58,21746,-24,-184.615,-19.332,0.0500000000000114,91.8618914
90.35,563,0.563,21724,-22,-169.23,-17.721,0.0499999999999972,91.9406663
90.4,546,0.546,21701,-23,-176.923,-18.527,0.0499999999999972,91.9650143
90.45,529,0.529,21679,-22,-169.23,-17.721,0.0499999999999972,92.0277142
90.5,513,0.513,21658,-21,-161.538,-16.916,0.0499999999999972,92.0594038
90.55,498,0.498,21639,-19,-146.153,-15.305,0.0500000000000114,92.1175152
90.6,483,0.483,21620,-19,-146.153,-15.305,0.0499999999999972,92.1593939
90.65,470,0.47,21601,-19,-146.153,-15.305,0.0499999999999972,92.2092783
90.7,457,0.457,21583,-18,-138.461,-14.499,0.0499999999999972,92.2912306
90.75,445,0.445,21566,-17,-130.769,-13.694,0.0499999999999972,92.3045083
90.8,435,0.435,21548,-18,-138.461,-14.499,0.0500000000000114,92.378948
90.85,426,0.426,21532,-16,-123.076,-12.888,0.0499999999999972,92.4049902
90.9,418,0.418,21516,-16,-123.076,-12.888,0.0499999999999972,92.4680466
90.95,411,0.411,21500,-16,-123.076,-12.888,0.0499999999999972,92.5558603
91,406,0.406,21485,-15,-115.384,-12.083,0.0499999999999972,92.5605487
91.05,402,0.402,21470,-15,-115.384,-12.083,0.0500000000000114,92.6048745
91.1,400,0.4,21455,-15,-115.384,-12.083,0.0499999999999972,92.6662166
91.15,400,0.4,21440,-15,-115.384,-12.083,0.0499999999999972,92.7402843
91.2,400,0.4,21426,-14,-107.692,-11.277,0.0499999999999972,92.7596796
91.25,403,0.403,21412,-14,-107.692,-11.277,0.0499999999999972,92.8275521
91.3,407,0.407,21397,-15,-115.384,-12.083,0.0500000000000114,92.8649347
91.35,412,0.412,21382,-15,-115.384,-12.083,0.0499999999999972,92.9139115
91.4,419,0.419,21368,-14,-107.692,-11.277,0.0499999999999972,92.9570747
91.45,427,0.427,21352,-16,-123.076,-12.888,0.0499999999999972,93.0049992
91.5,437,0.437,21337,-15,-115.384,-12.083,0.0499999999999972,93.0919304
91.55,448,0.448,21322,-15,-115.384,-12.083,0.0500000000000114,93.114574
91.6,460,0.46,21305,-17,-130.769,-13.694,0.0499999999999972,93.1805538
91.65,473,0.473,21288,-17,-130.769,-13.694,0.0499999999999972,93.2063081
91.7,487,0.487,21270,-18,-138.461,-14.499,0.0499999999999972,93.2657002
91.75,502,0.502,21252,-18,-138.461,-14.499,0.0499999999999972,93.3031006
91.8,518,0.518,21233,-19,-146.153,-15.305,0.0500000000000114,93.3549502
91.85,534,0.534,21214,-19,-146.153,-15.305,0.0499999999999972,93.4420299
91.9,551,0.551,21194,-20,-153.846,-16.11,0.0499999999999972,93.4636795
91.95,569,0.569,21172,-22,-169.23,-17.721,0.0499999999999972,93.5299078
92,586,0.586,21150,-22,-169.23,-17.721,0.0499999999999972,93.5661891
92.05,604,0.604,21128,-22,-169.23,-17.721,0.0500000000000114,93.6181852
92.1,621,0.621,21104,-24,-184.615,-19.332,0.0499999999999972,93.6593537
92.15,639,0.639,21079,-25,-192.307,-20.138,0.0499999999999972,93.7060597
92.2,656,0.656,21054,-25,-192.307,-20.138,0.0499999999999972,93.7916556
92.25,673,0.673,21028,-26,-200,-20.943,0.0499999999999972,93.8139596
92.3,689,0.689,21001,-27,-207.692,-21.749,0.0500000000000114,93.8839051
92.35,705,0.705,20973,-28,-215.384,-22.555,0.0499999999999972,93.9068173
92.4,719,0.719,20945,-28,-215.384,-22.555,0.0499999999999972,93.9742843
92.45,733,0.733,20916,-29,-223.076,-23.36,0.0499999999999972,94.0180409
92.5,746,0.746,20887,-29,-223.076,-23.36,0.0499999999999972,94.0654431
92.55,757,0.757,20856,-31,-238.461,-24.971,0.0500000000000114,94.1118001
92.6,767,0.767,20826,-30,-230.769,-24.166,0.0499999999999972,94.1564173
92.65,776,0.776,20794,-32,-246.153,-25.777,0.0499999999999972,94.2367899
92.7,784,0.784,20763,-31,-238.461,-24.971,0.0499999999999972,94.263332
92.75,790,0.79,20731,-32,-246.153,-25.777,0.0499999999999972,94.3246979
92.8,795,0.795,20698,-33,-253.846,-26.582,0.0500000000000114,94.3572012
92.85,798,0.798,20666,-32,-246.153,-25.777,0.0499999999999972,94.4182482
92.9,799,0.799,20632,-34,-261.538,-27.388,0.0499999999999972,94.4657328
92.95,799,0.799,20599,-33,-253.846,-26.582,0.0499999999999972,94.507106
93,798,0.798,20566,-33,-253.846,-26.582,0.0499999999999972,94.5530751
93.05,794,0.794,20534,-32,-246.153,-25.777,0.0500000000000114,94.6050291
93.1,789,0.789,20501,-33,-253.846,-26.582,0.0499999999999972,94.6842996
93.15,783,0.783,20468,-33,-253.846,-26.582,0.0499999999999972,94.7107534
93.2,775,0.775,20436,-32,-246.153,-25.777,0.0499999999999972,94.7722756
93.25,766,0.766,20404,-32,-246.153,-25.777,0.0499999999999972,94.807036
93.3,755,0.755,20372,-32,-246.153,-25.777,0.0500000000000114,94.8630135
93.35,743,0.743,20341,-31,-238.461,-24.971,0.0499999999999972,94.9546811
93.4,730,0.73,20310,-31,-238.461,-24.971,0.0499999999999972,94.9610914
93.45,716,0.716,20280,-30,-230.769,-24.166,0.0499999999999972,95.0463268
93.5,701,0.701,20250,-30,-230.769,-24.166,0.0499999999999972,95.0605912
93.55,685,0.685,20222,-28,-215.384,-22.555,0.0500000000000114,95.1352566
93.6,669,0.669,20194,-28,-215.384,-22.555,0.0499999999999972,95.1551656
93.65,652,0.652,20166,-28,-215.384,-22.555,0.0499999999999972,95.2264587
93.7,634,0.634,20140,-26,-200,-20.943,0.0499999999999972,95.263118
93.75,616,0.616,20114,-26,-200,-20.943,0.0499999999999972,95.3129775
93.8,598,0.598,20090,-24,-184.615,-19.332,0.0500000000000114,95.3571954
93.85,580,0.58,20065,-25,-192.307,-20.138,0.0499999999999972,95.4040736
93.9,562,0.562,20042,-23,-176.923,-18.527,0.0499999999999972,95.4872376
93.95,545,0.545,20020,-22,-169.23,-17.721,0.0499999999999972,95.5049956
94,528,0.528,19998,-22,-169.23,-17.721,0.0499999999999972,95.5743509
94.05,511,0.511,19978,-20,-153.846,-16.11,0.0500000000000114,95.6150613
94.1,495,0.495,19958,-20,-153.846,-16.11,0.0499999999999972,95.6652097
94.15,480,0.48,19938,-20,-153.846,-16.11,0.0499999999999972,95.7110761
94.2,466,0.466,19920,-18,-138.461,-14.499,0.0499999999999972,95.7579638
94.25,453,0.453,19902,-18,-138.461,-14.499,0.0499999999999972,95.8377993
94.3,441,0.441,19884,-18,-138.461,-14.499,0.0500000000000114,95.8667812
94.35,431,0.431,19868,-16,-123.076,-12.888,0.0499999999999972,95.9247323
94.4,422,0.422,19851,-17,-130.769,-13.694,0.0499999999999972,95.96991
94.45,414,0.414,19835,-16,-123.076,-12.888,0.0499999999999972,96.0159874
94.5,408,0.408,19820,-15,-115.384,-12.083,0.0499999999999972,96.0627488
94.55,404,0.404,19805,-15,-115.384,-12.083,0.0500000000000114,96.1093741
94.6,401,0.401,19790,-15,-115.384,-12.083,0.0499999999999972,96.1906998
94.65,400,0.4,19775,-15,-115.384,-12.083,0.0499999999999972,96.2150503
94.7,400,0.4,19761,-14,-107.692,-11.277,0.0499999999999972,96.2798792
94.75,402,0.402,19746,-15,-115.384,-12.083,0.0499999999999972,96.3048789
94.8,406,0.406,19732,-14,-107.692,-11.277,0.0500000000000114,96.3739734
94.85,411,0.411,19718,-14,-107.692,-11.277,0.0499999999999972,96.4151611
94.9,418,0.418,19703,-15,-115.384,-12.083,0.0499999999999972,96.4618806
94.95,426,0.426,19688,-15,-115.384,-12.083,0.0499999999999972,96.5090792
95,436,0.436,19672,-16,-123.076,-12.888,0.0499999999999972,96.5551178
95.05,448,0.448,19656,-16,-123.076,-12.888,0.0500000000000114,96.6352294
95.1,460,0.46,19640,-16,-123.076,-12.888,0.0499999999999972,96.6653082
95.15,474,0.474,19623,-17,-130.769,-13.694,0.0499999999999972,96.7220802
95.2,489,0.489,19605,-18,-138.461,-14.499,0.0499999999999972,96.7593615
95.25,504,0.504,19587,-18,-138.461,-14.499,0.0499999999999972,96.8148639
95.3,521,0.521,19568,-19,-146.153,-15.305,0.0500000000000114,96.8589005
95.35,538,0.538,19548,-20,-153.846,-16.11,0.0499999999999972,96.9088263
95.4,556,0.556,19528,-20,-153.846,-16.11,0.0499999999999972,96.9911742
95.45,574,0.574,19507,-21,-161.538,-16.916,0.0499999999999972,97.0021023
95.5,592,0.592,19484,-23,-176.923,-18.527,0.0499999999999972,97.0807545
95.55,611,0.611,19461,-23,-176.923,-18.527,0.0500000000000114,97.1096252
95.6,629,0.629,19437,-24,-184.615,-19.332,0.0499999999999972,97.1716231
95.65,647,0.647,19412,-25,-192.307,-20.138,0.0499999999999972,97.21739
95.7,665,0.665,19386,-26,-200,-20.943,0.0499999999999972,97.2650978
95.75,682,0.682,19360,-26,-200,-20.943,0.0499999999999972,97.3493891
95.8,698,0.698,19333,-27,-207.692,-21.749,0.0500000000000114,97.3606835
95.85,714,0.714,19305,-28,-215.384,-22.555,0.0499999999999972,97.4429758
95.9,728,0.728,19276,-29,-223.076,-23.36,0.0499999999999972,97.4545853
95.95,742,0.742,19247,-29,-223.076,-23.36,0.0499999999999972,97.5308705
96,754,0.754,19217,-30,-230.769,-24.166,0.0499999999999972,97.5646047
96.05,765,0.765,19186,-31,-238.461,-24.971,0.0500000000000114,97.6171801
96.1,775,0.775,19156,-30,-230.769,-24.166,0.0499999999999972,97.656989
96.15,783,0.783,19124,-32,-246.153,-25.777,0.0499999999999972,97.7063187
96.2,790,0.79,19092,-32,-246.153,-25.777,0.0499999999999972,97.7930652
96.25,795,0.795,19059,-33,-253.846,-26.582,0.0499999999999972,97.8137831
96.3,798,0.798,19026,-33,-253.846,-26.582,0.0500000000000114,97.8793382
96.35,799,0.799,18993,-33,-253.846,-26.582,0.0499999999999972,97.9118773
96.4,799,0.799,18960,-33,-253.846,-26.582,0.0499999999999972,97.9728028
96.45,797,0.797,18927,-33,-253.846,-26.582,0.0499999999999972,98.0079074
96.5,794,0.794,18894,-33,-253.846,-26.582,0.0499999999999972,98.0650845
96.55,788,0.788,18862,-32,-246.153,-25.777,0.0500000000000114,98.1021895
96.6,781,0.781,18829,-33,-253.846,-26.582,0.0499999999999972,98.1581576
96.65,773,0.773,18797,-32,-246.153,-25.777,0.0499999999999972,98.2486371
96.7,763,0.763,18765,-32,-246.153,-25.777,0.0499999999999972,98.2603797
96.75,751,0.751,18734,-31,-238.461,-24.971,0.0499999999999972,98.3368818
96.8,739,0.739,18702,-32,-246.153,-25.777,0.0500000000000114,98.3541349
96.85,725,0.725,18672,-30,-230.769,-24.166,0.0499999999999972,98.4238809
96.9,709,0.709,18642,-30,-230.769,-24.166,0.0499999999999972,98.4632013
96.95,693,0.693,18612,-30,-230.769,-24.166,0.0499999999999972,98.5105118
97,677,0.677,18584,-28,-215.384,-22.555,0.0499999999999972,98.5568973
97.05,659,0.659,18556,-28,-215.384,-22.555,0.0500000000000114,98.6036716
97.1,641,0.641,18529,-27,-207.692,-21.749,0.0499999999999972,98.6886254
97.15,622,0.622,18503,-26,-200,-20.943,0.0499999999999972,98.7097179
97.2,604,0.604,18478,-25,-192.307,-20.138,0.0499999999999972,98.7774135
97.25,585,0.585,18454,-24,-184.615,-19.332,0.0499999999999972,98.8080329
97.3,566,0.566,18430,-24,-184.615,-19.332,0.0500000000000114,98.8650619
97.35,548,0.548,18408,-22,-169.23,-17.721,0.0499999999999972,98.9555231
97.4,530,0.53,18386,-22,-169.23,-17.721,0.0499999999999972,98.9558081
97.45,513,0.513,18365,-21,-161.538,-16.916,0.0499999999999972,99.0020865
97.5,496,0.496,18345,-20,-153.846,-16.11,0.0499999999999972,99.0611788
97.55,481,0.481,18326,-19,-146.153,-15.305,0.0500000000000114,99.1292343
97.6,466,0.466,18307,-19,-146.153,-15.305,0.0499999999999972,99.1549432
97.65,453,0.453,18289,-18,-138.461,-14.499,0.0499999999999972,99.217493
97.7,440,0.44,18272,-17,-130.769,-13.694,0.0499999999999972,99.2582785
97.75,430,0.43,18255,-17,-130.769,-13.694,0.0499999999999972,99.3095701
97.8,421,0.421,18239,-16,-123.076,-12.888,0.0500000000000114,99.3929967
97.85,413,0.413,18223,-16,-123.076,-12.888,0.0499999999999972,99.410002
97.9,407,0.407,18208,-15,-115.384,-12.083,0.0499999999999972,99.480257
97.95,403,0.403,18192,-16,-123.076,-12.888,0.0499999999999972,99.5129813
98,400,0.4,18178,-14,-107.692,-11.277,0.0499999999999972,99.5673232
98.05,400,0.4,18163,-15,-115.384,-12.083,0.0500000000000114,99.6069644
98.1,401,0.401,18148,-15,-115.384,-12.083,0.0499999999999972,99.6540866
98.15,403,0.403,18134,-14,-107.692,-11.277,0.0499999999999972,99.7422064
98.2,408,0.408,18120,-14,-107.692,-11.277,0.0499999999999972,99.7611316
98.25,414,0.414,18105,-15,-115.384,-12.083,0.0499999999999972,99.8310127
98.3,422,0.422,18090,-15,-115.384,-12.083,0.0500000000000114,99.8569448
98.35,432,0.432,18075,-15,-115.384,-12.083,0.0499999999999972,99.9174234
98.4,443,0.443,18060,-15,-115.384,-12.083,0.0499999999999972,99.956589
98.45,456,0.456,18043,-17,-130.769,-13.694,0.0499999999999972,100.0090027
