time_s,dt_ms,sample_time_s,speed_ref_rad_s,speed_meas_rad_s,speed_error_rad_s,position_ref_rad,position_ref_filtered_rad,position_meas_rad,position_error_rad,position_filtered_error_rad,duty_cycle,host_time_s
0,0,0,0,0,0,0,0,0,0,0,0,1.2499956
0.0729995999999999,51,0.051,0,0,0,0,0,0,0,0,0,1.3229952
0.1052142,51,0.051,0,0,0,0,0,0,0,0,0,1.3552098
0.1626108,51,0.051,0,0,0,0,0,0,0,0,0,1.4126064
0.249584,51,0.051,0,0,0,0,0,0,0,0,0,1.4995796
0.2603044,51,0.051,0,0,0,0,0,0,0,0,0,1.5103
0.3347475,51,0.051,0,0,0,0,0,0,0,0,0,1.5847431
0.3555837,51,0.051,0,0,0,0,0,0,0,0,0,1.6055793
0.4222246,51,0.051,0,0,0,0,0,0,0,0,0,1.6722202
0.4648082,51,0.051,0,0,0,0,0,0,0,0,0,1.7148038
0.5116592,51,0.051,0,0,0,0,0,0,0,0,0,1.7616548
0.5956315,51,0.051,0,0,0,0,0,0,0,0,0,1.8456271
0.6071464,51,0.051,0,0,0,0,0,0,0,0,0,1.857142
0.6822576,51,0.051,0,0,0,0,0,0,0,0,0,1.9322532
0.7171317,51,0.051,0,0,0,0,0,0,0,0,0,1.9671273
0.7709424,51,0.051,0,0,0,0,0,0,0,0,0,2.020938
0.8180424,51,0.051,0,0,0,0,0,0,0,0,0,2.068038
0.864414,51,0.051,0,0,0,0,0,0,0,0,0,2.1144096
0.9392016,51,0.051,0,0,0,0,0,0,0,0,0,2.1891972
0.9759996,51,0.051,0,0,0,0,0,0,0,0,0,2.2259952
1.0246115,51,0.051,0,0,0,0,0,0,0,0,0,2.2746071
1.0706245,51,0.051,0,0,0,0,0,0,0,0,0,2.3206201
1.1227253,51,0.051,0,0,0,0,0,0,0,0,0,2.3727209
1.210802,51,0.051,0,0,0,0,0,0,0,0,0,2.4607976
1.2184577,51,0.051,0,0,0,0,0,0,0,0,0,2.4684533
1.2965758,51,0.051,0,0,0,0,0,0,0,0,0,2.5465714
1.3215741,51,0.051,0,0,0,0,0,0,0,0,0,2.5715697
1.3804463,51,0.051,0,0,0,0,0,0,0,0,0,2.6304419
1.4274782,51,0.051,0,0,0,0,0,0,0,0,0,2.6774738
1.4746442,51,0.051,0,0,0,0,0,0,0,0,0,2.7246398
1.5494412,51,0.051,0,0,0,0,0,0,0,0,0,2.7994368
1.5833563,51,0.051,0,0,0,0,0,0,0,0,0,2.8333519
1.6345545,51,0.051,0,0,0,0,0,0,0,0,0,2.8845501
1.7168222,51,0.051,0,0,0,0,0,0,0,0,0,2.9668178
1.7333635,51,0.051,0,0,0,0,0,0,0,0,0,2.9833591
1.8048145,51,0.051,0,0,0,0,0,0,0,0,0,3.0548101
1.8436683,51,0.051,0,0,0,0,0,0,0,0,0,3.0936639
1.8959191,51,0.051,0,0,0,0,0,0,0,0,0,3.1459147
1.9374051,51,0.051,2.419,1.611,0.808,5,0.5,0.016,4.984,0.484,287.012,3.1874007
1.9880004,53,0.053,7.863,4.833,3.03,5,1.75,0.177,4.823,1.573,547.895,3.237996
2.0709246,53,0.053,12.502,6.444,6.058,5,3,0.499,4.501,2.501,914.45,3.3209202
2.1037953,53,0.053,17.022,11.277,5.745,5,4.5,1.095,3.905,3.405,978.085,3.3537909
2.1582401,53,0.053,16.541,11.277,5.264,5,5,1.691,3.309,3.309,974.758,3.4082357
2.199509,53,0.053,13.641,11.277,2.364,5,5,2.271,2.729,2.729,732.072,3.4495046
2.2592154,53,0.053,11.144,9.666,1.478,5,5,2.771,2.229,2.229,675.305,3.509211
2.3266287,53,0.053,8.486,9.666,-1.18,5,5,3.302,1.698,1.698,422.313,3.5766243
2.3721696,53,0.053,6.714,6.444,0.27,5,5,3.657,1.343,1.343,572.085,3.6221652
2.4187723,53,0.053,5.103,6.444,-1.341,5,5,3.979,1.021,1.021,400.287,3.6687679
2.4948178,53,0.053,3.492,6.444,-2.952,5,5,4.301,0.699,0.699,217.457,3.7448134
2.5174921,53,0.053,2.444,4.833,-2.389,5,5,4.511,0.489,0.489,254.454,3.7674877
2.5798086,53,0.053,1.558,3.222,-1.664,5,5,4.688,0.312,0.312,302.003,3.8298042
2.6643802,53,0.053,0.753,1.611,-0.858,5,5,4.849,0.151,0.151,352.86,3.9143758
2.6755294,53,0.053,0.108,1.611,-1.503,5,5,4.978,0.0220000000000002,0.0220000000000002,254.526,3.925525
2.7496756,53,0.053,-0.052,0,-0.052,5,5,5.01,-0.00999999999999979,-0.00999999999999979,-10.769,3.9996712
2.7938487,52,0.052,-0.052,0,-0.052,5,5,5.01,-0.00999999999999979,-0.00999999999999979,-11.551,4.0438443
2.840194,52,0.052,-0.052,0,-0.052,5,5,5.01,-0.00999999999999979,-0.00999999999999979,-12.491,4.0901896
2.9172102,52,0.052,-0.052,0,-0.052,5,5,5.01,-0.00999999999999979,-0.00999999999999979,-13.274,4.1672058
2.9398172,52,0.052,-0.052,0,-0.052,5,5,5.01,-0.00999999999999979,-0.00999999999999979,-14.056,4.1898128
3.0092135,52,0.052,-0.052,0,-0.052,5,5,5.01,-0.00999999999999979,-0.00999999999999979,-14.839,4.2592091
3.0396461,52,0.052,-0.052,0,-0.052,5,5,5.01,-0.00999999999999979,-0.00999999999999979,-15.622,4.2896417
3.1037282,52,0.052,-0.052,0,-0.052,5,5,5.01,-0.00999999999999979,-0.00999999999999979,-16.562,4.3537238
3.1835186,52,0.052,-0.052,0,-0.052,5,5,5.01,-0.00999999999999979,-0.00999999999999979,-17.344,4.4335142
3.2078993,52,0.052,-0.052,0,-0.052,5,5,5.01,-0.00999999999999979,-0.00999999999999979,-18.127,4.4578949
3.2697342,52,0.052,-0.052,0,-0.052,5,5,5.01,-0.00999999999999979,-0.00999999999999979,-18.91,4.5197298
3.3075687,52,0.052,-0.052,0,-0.052,5,5,5.01,-0.00999999999999979,-0.00999999999999979,-19.693,4.5575643
3.3581325,52,0.052,-0.052,0,-0.052,5,5,5.01,-0.00999999999999979,-0.00999999999999979,-20.632,4.6081281
3.4491375,52,0.052,-0.052,0,-0.052,5,5,5.01,-0.00999999999999979,-0.00999999999999979,-21.415,4.6991331
3.4626636,52,0.052,-0.052,0,-0.052,5,5,5.01,-0.00999999999999979,-0.00999999999999979,-22.198,4.7126592
3.5331146,52,0.052,-0.052,0,-0.052,5,5,5.01,-0.00999999999999979,-0.00999999999999979,-22.981,4.7831102
3.57162,52,0.052,-0.052,0,-0.052,5,5,5.01,-0.00999999999999979,-0.00999999999999979,-23.764,4.8216156
3.6180875,52,0.052,-0.052,0,-0.052,5,5,5.01,-0.00999999999999979,-0.00999999999999979,-24.703,4.8680831
3.6636074,52,0.052,-0.052,0,-0.052,5,5,5.01,-0.00999999999999979,-0.00999999999999979,-25.486,4.913603
3.7268453,52,0.052,-0.052,0,-0.052,5,5,5.01,-0.00999999999999979,-0.00999999999999979,-26.269,4.9768409
3.7861183,52,0.052,-0.052,0,-0.052,5,5,5.01,-0.00999999999999979,-0.00999999999999979,-27.051,5.0361139
3.830581,52,0.052,-0.052,0,-0.052,5,5,5.01,-0.00999999999999979,-0.00999999999999979,-27.834,5.0805766
3.8766183,52,0.052,-0.052,0,-0.052,5,5,5.01,-0.00999999999999979,-0.00999999999999979,-28.774,5.1266139
3.9621648,52,0.052,-0.052,0,-0.052,5,5,5.01,-0.00999999999999979,-0.00999999999999979,-29.557,5.2121604
3.981751,52,0.052,-0.052,0,-0.052,5,5,5.01,-0.00999999999999979,-0.00999999999999979,-30.339,5.2317466
4.0516823,52,0.052,-0.052,0,-0.052,5,5,5.01,-0.00999999999999979,-0.00999999999999979,-31.122,5.3016779
4.0922803,52,0.052,-0.052,0,-0.052,5,5,5.01,-0.00999999999999979,-0.00999999999999979,-31.905,5.3422759
4.1407302,52,0.052,-0.052,0,-0.052,5,5,5.01,-0.00999999999999979,-0.00999999999999979,-32.844,5.3907258
4.186571,52,0.052,-0.052,0,-0.052,5,5,5.01,-0.00999999999999979,-0.00999999999999979,-33.627,5.4365666
4.2490043,52,0.052,-0.052,0,-0.052,5,5,5.01,-0.00999999999999979,-0.00999999999999979,-34.41,5.4989999
4.311693,52,0.052,-0.052,0,-0.052,5,5,5.01,-0.00999999999999979,-0.00999999999999979,-35.193,5.5616886
4.3443117,52,0.052,-0.052,0,-0.052,5,5,5.01,-0.00999999999999979,-0.00999999999999979,-35.976,5.5943073
4.405747,52,0.052,-0.052,0,-0.052,5,5,5.01,-0.00999999999999979,-0.00999999999999979,-36.915,5.6557426
4.4923421,52,0.052,-0.052,0,-0.052,5,5,5.01,-0.00999999999999979,-0.00999999999999979,-37.698,5.7423377
4.5008098,52,0.052,-0.052,0,-0.052,5,5,5.01,-0.00999999999999979,-0.00999999999999979,-38.481,5.7508054
4.5814934,52,0.052,-0.052,0,-0.052,5,5,5.01,-0.00999999999999979,-0.00999999999999979,-39.264,5.831489
4.6118232,52,0.052,-0.052,0,-0.052,5,5,5.01,-0.00999999999999979,-0.00999999999999979,-40.046,5.8618188
4.6698329,52,0.052,-0.052,0,-0.052,5,5,5.01,-0.00999999999999979,-0.00999999999999979,-40.986,5.9198285
4.7067337,52,0.052,-0.052,0,-0.052,5,5,5.01,-0.00999999999999979,-0.00999999999999979,-41.769,5.9567293
4.7694197,52,0.052,-0.052,0,-0.052,5,5,5.01,-0.00999999999999979,-0.00999999999999979,-42.552,6.0194153
4.8451092,52,0.052,-0.052,0,-0.052,5,5,5.01,-0.00999999999999979,-0.00999999999999979,-43.334,6.0951048
4.8721945,52,0.052,-0.052,0,-0.052,5,5,5.01,-0.00999999999999979,-0.00999999999999979,-44.117,6.1221901
4.9343339,52,0.052,-0.052,0,-0.052,5,5,5.01,-0.00999999999999979,-0.00999999999999979,-45.057,6.1843295
4.9759414,52,0.052,-0.052,0,-0.052,5,5,5.01,-0.00999999999999979,-0.00999999999999979,-45.839,6.225937
5.0231786,52,0.052,-0.052,0,-0.052,5,5,5.01,-0.00999999999999979,-0.00999999999999979,-46.622,6.2731742
5.0714166,52,0.052,-0.052,0,-0.052,5,5,5.01,-0.00999999999999979,-0.00999999999999979,-47.405,6.3214122
5.119505,52,0.052,-0.052,0,-0.052,5,5,5.01,-0.00999999999999979,-0.00999999999999979,-48.188,6.3695006
5.1980832,52,0.052,-0.052,0,-0.052,5,5,5.01,-0.00999999999999979,-0.00999999999999979,-49.127,6.4480788
5.2288747,52,0.052,-0.052,0,-0.052,5,5,5.01,-0.00999999999999979,-0.00999999999999979,-49.91,6.4788703
5.2839212,52,0.052,-0.052,0,-0.052,5,5,5.01,-0.00999999999999979,-0.00999999999999979,-50.693,6.5339168
5.3691496,52,0.052,-0.052,0,-0.052,5,5,5.01,-0.00999999999999979,-0.00999999999999979,-51.476,6.6191452
5.3864808,52,0.052,-0.052,0,-0.052,5,5,5.01,-0.00999999999999979,-0.00999999999999979,-52.259,6.6364764
5.4564061,52,0.052,-0.052,0,-0.052,5,5,5.01,-0.00999999999999979,-0.00999999999999979,-53.198,6.7064017
5.4963619,52,0.052,-0.052,0,-0.052,5,5,5.01,-0.00999999999999979,-0.00999999999999979,-53.981,6.7463575
5.5443787,52,0.052,2.414,1.611,0.803,10,5.509,5.026,4.974,0.483000000000001,437.391,6.7943743
5.6270368,53,0.053,7.603,6.444,1.159,10,6.756,5.235,4.765,1.521,494.1,6.8770324
5.6561381,53,0.053,12.832,9.666,3.166,10,8.253,5.687,4.313,2.566,752.665,6.9061337
5.7322918,53,0.053,16.411,11.277,5.134,10,9.501,6.218,3.782,3.283,999.22,6.9822874
5.760339,53,0.053,15.925,12.888,3.037,10,10,6.814,3.186,3.186,811.391,7.0103346
5.8219359,53,0.053,13.025,11.277,1.748,10,10,7.394,2.606,2.606,720.813,7.0719315
5.8562973,53,0.053,10.125,8.055,2.07,10,10,7.974,2.026,2.026,782.33,7.1062929
5.9089009,53,0.053,8.031,6.444,1.587,10,10,8.393,1.607,1.607,740.407,7.1588965
5.9969963,53,0.053,6.098,8.055,-1.957,10,10,8.78,1.22,1.22,372.806,7.2469919
6.0238415,53,0.053,4.326,6.444,-2.118,10,10,9.134,0.866,0.866,341.525,7.2738371
6.0824031,53,0.053,3.037,4.833,-1.796,10,10,9.392,0.608000000000001,0.608000000000001,349.465,7.3323987
6.126753,53,0.053,2.07,3.222,-1.152,10,10,9.585,0.414999999999999,0.414999999999999,392.525,7.3767486
6.1785148,53,0.053,1.023,3.222,-2.199,10,10,9.795,0.205,0.205,250.644,7.4285104
6.2529832,53,0.053,0.298,3.222,-2.924,10,10,9.94,0.0600000000000005,0.0600000000000005,143.715,7.5029788
6.2877118,53,0.053,0,0,0,10,10,10.004,-0.00399999999999956,-0.00399999999999956,217.823,7.5377074
6.3411695,53,0.053,0,0,0,10,10,10.004,-0.00399999999999956,-0.00399999999999956,217.197,7.5911651
6.4221331,53,0.053,-0.184,0,-0.184,10,10,10.036,-0.0359999999999996,-0.0359999999999996,-13.181,7.6721287
6.438228,53,0.053,-0.184,0,-0.184,10,10,10.036,-0.0359999999999996,-0.0359999999999996,-15.955,7.6882236
6.5080779,53,0.053,-0.184,0,-0.184,10,10,10.036,-0.0359999999999996,-0.0359999999999996,-18.729,7.7580735
6.5481252,53,0.053,-0.184,0,-0.184,10,10,10.036,-0.0359999999999996,-0.0359999999999996,-22.058,7.7981208
6.6100757,53,0.053,-0.184,0,-0.184,10,10,10.036,-0.0359999999999996,-0.0359999999999996,-24.832,7.8600713
6.6811083,53,0.053,-0.184,0,-0.184,10,10,10.036,-0.0359999999999996,-0.0359999999999996,-27.606,7.9311039
6.7108802,53,0.053,-0.184,0,-0.184,10,10,10.036,-0.0359999999999996,-0.0359999999999996,-30.935,7.9608758
6.767312,53,0.053,-0.184,0,-0.184,10,10,10.036,-0.0359999999999996,-0.0359999999999996,-33.709,8.0173076
6.8548645,53,0.053,-0.184,0,-0.184,10,10,10.036,-0.0359999999999996,-0.0359999999999996,-36.483,8.1048601
6.8667491,53,0.053,-0.184,0,-0.184,10,10,10.036,-0.0359999999999996,-0.0359999999999996,-39.257,8.1167447
6.9384729,53,0.053,-0.184,0,-0.184,10,10,10.036,-0.0359999999999996,-0.0359999999999996,-42.586,8.1884685
6.9814567,53,0.053,-0.184,0,-0.184,10,10,10.036,-0.0359999999999996,-0.0359999999999996,-45.36,8.2314523
7.029278,53,0.053,-0.184,0,-0.184,10,10,10.036,-0.0359999999999996,-0.0359999999999996,-48.134,8.2792736
7.1108768,53,0.053,-0.184,0,-0.184,10,10,10.036,-0.0359999999999996,-0.0359999999999996,-51.463,8.3608724
7.1281231,53,0.053,-0.184,0,-0.184,10,10,10.036,-0.0359999999999996,-0.0359999999999996,-54.237,8.3781187
7.2027607,53,0.053,-0.184,0,-0.184,10,10,10.036,-0.0359999999999996,-0.0359999999999996,-57.011,8.4527563
7.2405192,53,0.053,-0.184,0,-0.184,10,10,10.036,-0.0359999999999996,-0.0359999999999996,-60.339,8.4905148
7.2956585,53,0.053,-0.184,0,-0.184,10,10,10.036,-0.0359999999999996,-0.0359999999999996,-63.113,8.5456541
7.3722557,53,0.053,-0.184,0,-0.184,10,10,10.036,-0.0359999999999996,-0.0359999999999996,-65.887,8.6222513
7.4039146,53,0.053,-0.184,0,-0.184,10,10,10.036,-0.0359999999999996,-0.0359999999999996,-68.661,8.6539102
7.4565215,53,0.053,-0.184,0,-0.184,10,10,10.036,-0.0359999999999996,-0.0359999999999996,-71.99,8.7065171
7.4988278,53,0.053,-0.184,0,-0.184,10,10,10.036,-0.0359999999999996,-0.0359999999999996,-74.764,8.7488234
7.5630709,53,0.053,-0.184,0,-0.184,10,10,10.036,-0.0359999999999996,-0.0359999999999996,-77.538,8.8130665
7.6239018,53,0.053,-0.184,0,-0.184,10,10,10.036,-0.0359999999999996,-0.0359999999999996,-80.867,8.8738974
7.6584084,53,0.053,-0.184,0,-0.184,10,10,10.036,-0.0359999999999996,-0.0359999999999996,-83.641,8.908404
7.7114942,53,0.053,-0.184,0,-0.184,10,10,10.036,-0.0359999999999996,-0.0359999999999996,-86.415,8.9614898
7.7945628,53,0.053,-0.184,0,-0.184,10,10,10.036,-0.0359999999999996,-0.0359999999999996,-89.744,9.0445584
7.8237256,53,0.053,-0.184,0,-0.184,10,10,10.036,-0.0359999999999996,-0.0359999999999996,-92.518,9.0737212
7.8803585,53,0.053,-0.184,0,-0.184,10,10,10.036,-0.0359999999999996,-0.0359999999999996,-95.292,9.1303541
7.9658545,53,0.053,-0.184,0,-0.184,10,10,10.036,-0.0359999999999996,-0.0359999999999996,-98.066,9.2158501
7.9854014,53,0.053,-0.184,0,-0.184,10,10,10.036,-0.0359999999999996,-0.0359999999999996,-101.394,9.235397
8.0508792,53,0.053,-0.184,0,-0.184,10,10,10.036,-0.0359999999999996,-0.0359999999999996,-104.168,9.3008748
8.0916756,53,0.053,-0.184,0,-0.184,10,10,10.036,-0.0359999999999996,-0.0359999999999996,-106.942,9.3416712
8.139034,53,0.053,-0.184,0,-0.184,10,10,10.036,-0.0359999999999996,-0.0359999999999996,-110.271,9.3890296
8.2233022,53,0.053,-0.184,0,-0.184,10,10,10.036,-0.0359999999999996,-0.0359999999999996,-113.045,9.4732978
8.2492998,53,0.053,-0.184,0,-0.184,10,10,10.036,-0.0359999999999996,-0.0359999999999996,-115.819,9.4992954
8.3096655,53,0.053,-0.184,0,-0.184,10,10,10.036,-0.0359999999999996,-0.0359999999999996,-119.148,9.5596611
8.3971147,53,0.053,-0.184,0,-0.184,10,10,10.036,-0.0359999999999996,-0.0359999999999996,-121.922,9.6471103
8.4078679,53,0.053,-0.184,0,-0.184,10,10,10.036,-0.0359999999999996,-0.0359999999999996,-124.696,9.6578635
8.4851342,53,0.053,-0.184,0,-0.184,15,10,10.036,4.964,-0.0359999999999996,-127.47,9.7351298
8.5167048,53,0.053,5.639,3.222,2.417,15,11.277,10.149,4.851,1.128,550.932,9.7667004
8.5722342,53,0.053,10.393,8.055,2.338,15,12.518,10.439,4.561,2.079,584.583,9.8222298
8.6117504,53,0.053,14.422,11.277,3.145,15,13.759,10.874,4.126,2.885,728.126,9.861746
8.6738916,53,0.053,17.243,12.888,4.355,15,15,11.551,3.449,3.449,894.685,9.9238872
8.7427606,53,0.053,14.262,11.277,2.985,15,15,12.147,2.853,2.853,810.01,9.9927562
8.7836493,53,0.053,11.604,9.666,1.938,15,15,12.679,2.321,2.321,735.566,10.0336449
8.8311696,53,0.053,8.945,8.055,0.890000000000001,15,15,13.21,1.79,1.79,651.711,10.0811652
8.9145108,53,0.053,7.012,6.444,0.568,15,15,13.597,1.403,1.403,619.558,10.1645064
8.9393144,53,0.053,5.321,6.444,-1.123,15,15,13.935,1.065,1.065,438.38,10.18931
9.0012778,53,0.053,3.951,4.833,-0.882,15,15,14.209,0.791,0.791,447.873,10.2512734
9.0493745,53,0.053,2.582,3.222,-0.64,15,15,14.483,0.516999999999999,0.516999999999999,446.022,10.2993701
9.0985999,53,0.053,1.696,3.222,-1.526,15,15,14.66,0.34,0.34,334.523,10.3485955
9.1721648,53,0.053,0.89,4.833,-3.943,15,15,14.821,0.179,0.179,62.481,10.4221604
9.1976983,53,0.053,0.165,3.222,-3.057,15,15,14.966,0.0340000000000007,0.0340000000000007,115.889,10.4476939
9.2586683,53,0.053,0,0,0,15,15,14.999,0.000999999999999446,0.000999999999999446,211.872,10.5086639
9.3015663,53,0.053,-0.156,0,-0.156,15,15,15.031,-0.0310000000000006,-0.0310000000000006,-15.798,10.5515619
9.3651228,53,0.053,-0.156,0,-0.156,15,15,15.031,-0.0310000000000006,-0.0310000000000006,-18.616,10.6151184
9.4301259,53,0.053,-0.156,0,-0.156,15,15,15.031,-0.0310000000000006,-0.0310000000000006,-20.965,10.6801215
9.4681077,53,0.053,-0.156,0,-0.156,15,15,15.031,-0.0310000000000006,-0.0310000000000006,-23.313,10.7181033
9.5160746,53,0.053,-0.156,0,-0.156,15,15,15.031,-0.0310000000000006,-0.0310000000000006,-25.662,10.7660702
9.6023244,53,0.053,-0.156,0,-0.156,15,15,15.031,-0.0310000000000006,-0.0310000000000006,-28.48,10.85232
9.6267352,53,0.053,-0.156,0,-0.156,15,15,15.031,-0.0310000000000006,-0.0310000000000006,-30.829,10.8767308
9.6872636,53,0.053,-0.156,0,-0.156,15,15,15.031,-0.0310000000000006,-0.0310000000000006,-33.177,10.9372592
9.7252932,53,0.053,-0.156,0,-0.156,15,15,15.031,-0.0310000000000006,-0.0310000000000006,-35.995,10.9752888
9.7897658,53,0.053,-0.156,0,-0.156,15,15,15.031,-0.0310000000000006,-0.0310000000000006,-38.344,11.0397614
9.8579458,53,0.053,-0.156,0,-0.156,15,15,15.031,-0.0310000000000006,-0.0310000000000006,-40.692,11.1079414
9.8963778,53,0.053,-0.156,0,-0.156,15,15,15.031,-0.0310000000000006,-0.0310000000000006,-43.51,11.1463734
9.9422144,53,0.053,-0.156,0,-0.156,15,15,15.031,-0.0310000000000006,-0.0310000000000006,-45.859,11.19221
10.0260067,53,0.053,-0.156,0,-0.156,15,15,15.031,-0.0310000000000006,-0.0310000000000006,-48.207,11.2760023
10.046144,53,0.053,-0.156,0,-0.156,15,15,15.031,-0.0310000000000006,-0.0310000000000006,-50.556,11.2961396
10.1110514,53,0.053,-0.156,0,-0.156,15,15,15.031,-0.0310000000000006,-0.0310000000000006,-53.374,11.361047
10.1562039,53,0.053,-0.156,0,-0.156,15,15,15.031,-0.0310000000000006,-0.0310000000000006,-55.723,11.4061995
10.2114415,53,0.053,-0.156,0,-0.156,15,15,15.031,-0.0310000000000006,-0.0310000000000006,-58.071,11.4614371
10.2537593,53,0.053,-0.156,0,-0.156,15,15,15.031,-0.0310000000000006,-0.0310000000000006,-60.889,11.5037549
10.3155884,53,0.053,-0.156,0,-0.156,15,15,15.031,-0.0310000000000006,-0.0310000000000006,-63.238,11.565584
10.3817121,53,0.053,-0.156,0,-0.156,15,15,15.031,-0.0310000000000006,-0.0310000000000006,-65.586,11.6317077
10.4131386,53,0.053,-0.156,0,-0.156,15,15,15.031,-0.0310000000000006,-0.0310000000000006,-68.404,11.6631342
10.4778263,53,0.053,-0.156,0,-0.156,15,15,15.031,-0.0310000000000006,-0.0310000000000006,-70.753,11.7278219
10.5526468,53,0.053,-0.156,0,-0.156,15,15,15.031,-0.0310000000000006,-0.0310000000000006,-73.101,11.8026424
10.5783677,53,0.053,-0.076,0,-0.076,15,15,15.015,-0.0150000000000006,-0.0150000000000006,-61.595,11.8283633
10.6359994,53,0.053,-0.076,0,-0.076,15,15,15.015,-0.0150000000000006,-0.0150000000000006,-62.963,11.885995
10.679769,53,0.053,-0.076,0,-0.076,15,15,15.015,-0.0150000000000006,-0.0150000000000006,-64.103,11.9297646
10.7324773,53,0.053,-0.076,0,-0.076,15,15,15.015,-0.0150000000000006,-0.0150000000000006,-65.243,11.9824729
10.8071453,53,0.053,-0.076,0,-0.076,15,15,15.015,-0.0150000000000006,-0.0150000000000006,-66.612,12.0571409
10.845525,53,0.053,-0.076,0,-0.076,15,15,15.015,-0.0150000000000006,-0.0150000000000006,-67.752,12.0955206
10.8963635,53,0.053,-0.076,0,-0.076,15,15,15.015,-0.0150000000000006,-0.0150000000000006,-68.892,12.1463591
10.9835764,53,0.053,-0.076,0,-0.076,15,15,15.015,-0.0150000000000006,-0.0150000000000006,-70.26,12.233572
11.0089049,53,0.053,-0.076,0,-0.076,15,15,15.015,-0.0150000000000006,-0.0150000000000006,-71.4,12.2589005
11.0699824,53,0.053,-0.076,0,-0.076,15,15,15.015,-0.0150000000000006,-0.0150000000000006,-72.54,12.319978
11.112966,53,0.053,0,0,0,10,15.015,15.015,-5.015,0,134.148,12.3629616
11.1661369,53,0.053,-7.12,-3.222,-3.898,10,13.51,14.934,-4.934,-1.424,-508.047,12.4161325
11.2421659,53,0.053,-12.019,-6.444,-5.575,10,12.256,14.66,-4.66,-2.404,-745.007,12.4921615
11.2618224,53,0.053,-16.113,-9.666,-6.447,10,11.003,14.225,-4.225,-3.222,-919.566,12.511818
11.3300795,53,0.053,-17.665,-12.888,-4.777,10,10,13.533,-3.533,-3.533,-820.002,12.5800751
11.378269,53,0.053,-14.765,-11.277,-3.488,10,10,12.953,-2.953,-2.953,-755.755,12.6282646
11.4254464,53,0.053,-12.187,-9.666,-2.521,10,10,12.437,-2.437,-2.437,-702.463,12.675442
11.4979398,53,0.053,-9.529,-8.055,-1.474,10,10,11.905,-1.905,-1.905,-629.105,12.7479354
11.5267753,53,0.053,-7.595,-8.055,0.46,10,10,11.519,-1.519,-1.519,-445.075,12.7767709
11.5831319,53,0.053,-5.984,-6.444,0.46,10,10,11.196,-1.196,-1.196,-447.849,12.8331275
11.6770216,53,0.053,-4.534,-6.444,1.91,10,10,10.906,-0.906000000000001,-0.906000000000001,-292.335,12.9270172
11.6927675,53,0.053,-3.165,-4.833,1.668,10,10,10.633,-0.632999999999999,-0.632999999999999,-301.464,12.9427631
11.7610984,53,0.053,-2.198,-3.222,1.024,10,10,10.439,-0.439,-0.439,-346.448,13.011094
11.7977546,53,0.053,-1.393,-3.222,1.829,10,10,10.278,-0.278,-0.278,-243.293,13.0477502
11.8492247,53,0.053,-0.668,-1.611,0.943,10,10,10.133,-0.132999999999999,-0.132999999999999,-305.266,13.0992203
11.9292702,53,0.053,-0.184,-1.611,1.427,10,10,10.036,-0.0359999999999996,-0.0359999999999996,-233.125,13.1792658
11.961964,53,0.053,0,1.611,-1.611,10,10,10.004,-0.00399999999999956,-0.00399999999999956,-326.839,13.2119596
12.0139492,53,0.053,0.137,-1.611,1.748,10,10,9.972,0.0280000000000005,0.0280000000000005,220.103,13.2639448
12.0567984,53,0.053,0.056,0,0.056,10,10,9.988,0.0120000000000005,0.0120000000000005,46.958,13.306794
12.1184094,52,0.052,0.056,0,0.056,10,10,9.988,0.0120000000000005,0.0120000000000005,47.809,13.368405
12.1926945,52,0.052,0.056,0,0.056,10,10,9.988,0.0120000000000005,0.0120000000000005,48.66,13.4426901
12.2120868,52,0.052,0.056,0,0.056,10,10,9.988,0.0120000000000005,0.0120000000000005,49.511,13.4620824
12.2789833,52,0.052,0.056,0,0.056,10,10,9.988,0.0120000000000005,0.0120000000000005,50.532,13.5289789
12.3239754,52,0.052,0.056,0,0.056,10,10,9.988,0.0120000000000005,0.0120000000000005,51.383,13.573971
12.3722195,52,0.052,0.056,0,0.056,10,10,9.988,0.0120000000000005,0.0120000000000005,52.234,13.6222151
12.4493448,52,0.052,0.056,0,0.056,10,10,9.988,0.0120000000000005,0.0120000000000005,53.085,13.6993404
12.482384,52,0.052,0.056,0,0.056,10,10,9.988,0.0120000000000005,0.0120000000000005,53.936,13.7323796
12.5338122,52,0.052,0.056,0,0.056,10,10,9.988,0.0120000000000005,0.0120000000000005,54.957,13.7838078
12.576286,52,0.052,0.056,0,0.056,10,10,9.988,0.0120000000000005,0.0120000000000005,55.808,13.8262816
12.6402671,52,0.052,0.056,0,0.056,10,10,9.988,0.0120000000000005,0.0120000000000005,56.659,13.8902627
12.7059521,52,0.052,0.056,0,0.056,10,10,9.988,0.0120000000000005,0.0120000000000005,57.51,13.9559477
12.7355326,52,0.052,0.056,0,0.056,10,10,9.988,0.0120000000000005,0.0120000000000005,58.361,13.9855282
12.7915182,52,0.052,0.056,0,0.056,10,10,9.988,0.0120000000000005,0.0120000000000005,59.382,14.0415138
12.8796307,52,0.052,0.056,0,0.056,10,10,9.988,0.0120000000000005,0.0120000000000005,60.233,14.1296263
12.8947211,52,0.052,0.056,0,0.056,10,10,9.988,0.0120000000000005,0.0120000000000005,61.084,14.1447167
12.9679463,52,0.052,0.056,0,0.056,10,10,9.988,0.0120000000000005,0.0120000000000005,61.935,14.2179419
13.0046631,52,0.052,0.056,0,0.056,10,10,9.988,0.0120000000000005,0.0120000000000005,62.786,14.2546587
13.055738,52,0.052,0.056,0,0.056,10,10,9.988,0.0120000000000005,0.0120000000000005,63.807,14.3057336
13.09895,52,0.052,0.056,0,0.056,10,10,9.988,0.0120000000000005,0.0120000000000005,64.658,14.3489456
13.1468324,52,0.052,0.056,0,0.056,10,10,9.988,0.0120000000000005,0.0120000000000005,65.509,14.396828
13.2316904,52,0.052,0.056,0,0.056,10,10,9.988,0.0120000000000005,0.0120000000000005,66.36,14.481686
13.2617417,52,0.052,0.056,0,0.056,10,10,9.988,0.0120000000000005,0.0120000000000005,67.211,14.5117373
13.3215268,52,0.052,0.056,0,0.056,10,10,9.988,0.0120000000000005,0.0120000000000005,68.232,14.5715224
13.356817,52,0.052,0.056,0,0.056,10,10,9.988,0.0120000000000005,0.0120000000000005,69.083,14.6068126
13.4110678,52,0.052,0.056,0,0.056,10,10,9.988,0.0120000000000005,0.0120000000000005,69.934,14.6610634
13.4975981,52,0.052,0.056,0,0.056,10,10,9.988,0.0120000000000005,0.0120000000000005,70.785,14.7475937
13.5152521,52,0.052,0.056,0,0.056,10,10,9.988,0.0120000000000005,0.0120000000000005,71.635,14.7652477
13.5855775,52,0.052,0.056,0,0.056,10,10,9.988,0.0120000000000005,0.0120000000000005,72.657,14.8355731
13.6272077,52,0.052,0.056,0,0.056,10,10,9.988,0.0120000000000005,0.0120000000000005,73.508,14.8772033
13.6739274,52,0.052,0.056,0,0.056,10,10,9.988,0.0120000000000005,0.0120000000000005,74.358,14.923923
13.7608389,52,0.052,0.056,0,0.056,10,10,9.988,0.0120000000000005,0.0120000000000005,75.209,15.0108345
13.7830303,52,0.052,0.056,0,0.056,10,10,9.988,0.0120000000000005,0.0120000000000005,76.06,15.0330259
13.848798,52,0.052,0.056,0,0.056,10,10,9.988,0.0120000000000005,0.0120000000000005,77.081,15.0987936
13.8781501,52,0.052,0.056,0,0.056,10,10,9.988,0.0120000000000005,0.0120000000000005,77.932,15.1281457
13.9391024,52,0.052,0.056,0,0.056,10,10,9.988,0.0120000000000005,0.0120000000000005,78.783,15.189098
13.9828033,52,0.052,-4.585,-3.222,-1.363,5,8.99,9.908,-4.908,-0.917999999999999,-474.336,15.2327989
14.0467299,53,0.053,-10.377,-8.055,-2.322,5,7.494,9.569,-4.569,-2.075,-614.061,15.2967255
14.1133549,53,0.053,-14.438,-9.666,-4.772,5,6.247,9.134,-4.134,-2.887,-921.717,15.3633505
14.1490048,53,0.053,-17.773,-12.888,-4.885,5,5,8.554,-3.554,-3.554,-972.86,15.3990004
14.2101794,53,0.053,-14.712,-11.277,-3.435,5,5,7.942,-2.942,-2.942,-867.156,15.460175
14.2491423,53,0.053,-11.49,-9.666,-1.824,5,5,7.298,-2.298,-2.298,-742.754,15.4991379
14.3094969,53,0.053,-9.235,-8.055,-1.18,5,5,6.847,-1.847,-1.847,-694.318,15.5594925
14.3907125,53,0.053,-7.14,-9.666,2.526,5,5,6.428,-1.428,-1.428,-317.546,15.6407081
14.40262,53,0.053,-5.207,-4.833,-0.374,5,5,6.041,-1.041,-1.041,-599.296,15.6526156
14.4781351,53,0.053,-3.757,-6.444,2.687,5,5,5.751,-0.751,-0.751,-270.775,15.7281307
14.5114361,53,0.053,-2.629,-3.222,0.593,5,5,5.525,-0.525,-0.525,-458.281,15.7614317
14.5689585,53,0.053,-1.502,-3.222,1.72,5,5,5.3,-0.3,-0.3,-312.855,15.8189541
14.6595355,53,0.053,-0.696,-3.222,2.526,5,5,5.139,-0.139,-0.139,-199.251,15.9095311
14.6796949,53,0.053,-0.132,-1.611,1.479,5,5,5.026,-0.0259999999999998,-0.0259999999999998,-275.754,15.9296905
14.748075,53,0.053,0.108,0,0.108,5,5,4.978,0.0220000000000002,0.0220000000000002,2.953,15.9980706
14.7848364,52,0.052,0.108,0,0.108,5,5,4.978,0.0220000000000002,0.0220000000000002,4.914,16.034832
14.8359083,52,0.052,0.108,0,0.108,5,5,4.978,0.0220000000000002,0.0220000000000002,6.548,16.0859039
14.882754,52,0.052,0.108,0,0.108,5,5,4.978,0.0220000000000002,0.0220000000000002,8.181,16.1327496
14.9295408,52,0.052,0.108,0,0.108,5,5,4.978,0.0220000000000002,0.0220000000000002,9.815,16.1795364
15.0136457,52,0.052,0.108,0,0.108,5,5,4.978,0.0220000000000002,0.0220000000000002,11.449,16.2636413
15.0459241,52,0.052,0.108,0,0.108,5,5,4.978,0.0220000000000002,0.0220000000000002,13.409,16.2959197
15.1025015,52,0.052,0.108,0,0.108,5,5,4.978,0.0220000000000002,0.0220000000000002,15.043,16.3524971
15.1402201,52,0.052,0.108,0,0.108,5,5,4.978,0.0220000000000002,0.0220000000000002,16.677,16.3902157
15.201085,52,0.052,0.108,0,0.108,5,5,4.978,0.0220000000000002,0.0220000000000002,18.311,16.4510806
15.2867795,52,0.052,0.108,0,0.108,5,5,4.978,0.0220000000000002,0.0220000000000002,19.945,16.5367751
15.3002483,52,0.052,0.108,0,0.108,5,5,4.978,0.0220000000000002,0.0220000000000002,21.905,16.5502439
15.376505,52,0.052,0.108,0,0.108,5,5,4.978,0.0220000000000002,0.0220000000000002,23.539,16.6265006
15.400996,52,0.052,0.108,0,0.108,5,5,4.978,0.0220000000000002,0.0220000000000002,25.173,16.6509916
15.4637577,52,0.052,0.108,0,0.108,5,5,4.978,0.0220000000000002,0.0220000000000002,26.806,16.7137533
15.5074681,52,0.052,0.108,0,0.108,5,5,4.978,0.0220000000000002,0.0220000000000002,28.44,16.7574637
15.5545947,52,0.052,0.108,0,0.108,5,5,4.978,0.0220000000000002,0.0220000000000002,30.401,16.8045903
15.6365848,52,0.052,0.108,0,0.108,5,5,4.978,0.0220000000000002,0.0220000000000002,32.034,16.8865804
15.665673,52,0.052,0.108,0,0.108,5,5,4.978,0.0220000000000002,0.0220000000000002,33.668,16.9156686
15.7260075,52,0.052,0.108,0,0.108,5,5,4.978,0.0220000000000002,0.0220000000000002,35.302,16.9760031
15.7679541,52,0.052,0.108,0,0.108,5,5,4.978,0.0220000000000002,0.0220000000000002,36.936,17.0179497
15.8185641,52,0.052,0.108,0,0.108,5,5,4.978,0.0220000000000002,0.0220000000000002,38.896,17.0685597
15.9033006,52,0.052,0.108,0,0.108,5,5,4.978,0.0220000000000002,0.0220000000000002,40.53,17.1532962
15.9186802,52,0.052,0.108,0,0.108,5,5,4.978,0.0220000000000002,0.0220000000000002,42.164,17.1686758
15.9944863,52,0.052,0.108,0,0.108,5,5,4.978,0.0220000000000002,0.0220000000000002,43.797,17.2444819
16.0286251,52,0.052,0.108,0,0.108,5,5,4.978,0.0220000000000002,0.0220000000000002,45.431,17.2786207
16.0830458,52,0.052,0.108,0,0.108,5,5,4.978,0.0220000000000002,0.0220000000000002,47.392,17.3330414
16.1750092,52,0.052,0.108,0,0.108,5,5,4.978,0.0220000000000002,0.0220000000000002,49.026,17.4250048
16.1815746,52,0.052,0.108,0,0.108,5,5,4.978,0.0220000000000002,0.0220000000000002,50.659,17.4315702
16.2644029,52,0.052,0.108,0,0.108,5,5,4.978,0.0220000000000002,0.0220000000000002,52.293,17.5143985
16.2923126,52,0.052,0.108,0,0.108,0,5,4.978,-4.978,0.0220000000000002,53.927,17.5423082
16.353946,52,0.052,-5.578,-4.833,-0.745,0,3.733,4.849,-4.849,-1.116,-444.707,17.6039416
16.3869732,53,0.053,-10.351,-6.444,-3.907,0,2.489,4.559,-4.559,-2.07,-801.479,17.6369688
16.4505665,53,0.053,-14.318,-9.666,-4.652,0,1.244,4.108,-4.108,-2.864,-932.117,17.7005621
16.5303922,53,0.053,-16.996,-12.888,-4.108,0,0,3.399,-3.399,-3.399,-928.698,17.7803878
16.5462069,53,0.053,-13.935,-12.888,-1.047,0,0,2.787,-2.787,-2.787,-651.11,17.7962025
16.6186905,53,0.053,-11.358,-9.666,-1.692,0,0,2.271,-2.271,-2.271,-746.485,17.8686861
16.6570949,53,0.053,-9.022,-8.055,-0.967000000000001,0,0,1.804,-1.804,-1.804,-682.687,17.9070905
16.7098751,53,0.053,-6.685,-6.444,-0.241,0,0,1.337,-1.337,-1.337,-607.289,17.9598707
16.7940547,53,0.053,-5.074,-4.833,-0.241,0,0,1.014,-1.014,-1.014,-596.172,18.0440503
16.8186467,53,0.053,-3.624,-6.444,2.82,0,0,0.724,-0.724,-0.724,-265.902,18.0686423
16.8799884,52,0.052,-2.336,-3.222,0.886,0,0,0.467,-0.467,-0.467,-433.373,18.129984
16.9245699,53,0.053,-1.369,-3.222,1.853,0,0,0.273,-0.273,-0.273,-304.326,18.1745655
16.9720547,52,0.052,-0.644,-1.611,0.967,0,0,0.128,-0.128,-0.128,-363.453,18.2220503
17.0503289,52,0.052,-0.08,-1.611,1.531,0,0,0.016,-0.016,-0.016,-277.583,18.3003245
17.0699822,52,0.052,0,1.611,-1.611,0,0,0,0,0,-385.942,18.3199778
17.143105,52,0.052,0.08,0,0.08,0,0,-0.016,0.016,0.016,-10.979,18.3931006
17.1865352,52,0.052,0.08,0,0.08,0,0,-0.016,0.016,0.016,-9.771,18.4365308
17.2327589,52,0.052,0.08,0,0.08,0,0,-0.016,0.016,0.016,-8.563,18.4827545
17.3185743,52,0.052,0.08,0,0.08,0,0,-0.016,0.016,0.016,-7.354,18.5685699
17.3346494,52,0.052,0.08,0,0.08,0,0,-0.016,0.016,0.016,-6.146,18.584645
17.4067778,52,0.052,0.08,0,0.08,0,0,-0.016,0.016,0.016,-4.696,18.6567734
17.4473598,52,0.052,0.08,0,0.08,0,0,-0.016,0.016,0.016,-3.488,18.6973554
17.4938463,52,0.052,0.08,0,0.08,0,0,-0.016,0.016,0.016,-2.279,18.7438419
17.5412443,52,0.052,0.08,0,0.08,0,0,-0.016,0.016,0.016,-1.071,18.7912399
17.6020938,52,0.052,0.08,0,0.08,0,0,-0.016,0.016,0.016,0.136,18.8520894
17.6641703,51,0.051,0.08,0,0.08,0,0,-0.016,0.016,0.016,1.586,18.9141659
17.6947067,52,0.052,0.08,0,0.08,0,0,-0.016,0.016,0.016,2.795,18.9447023
17.7577661,52,0.052,0.08,0,0.08,0,0,-0.016,0.016,0.016,4.003,19.0077617
17.8330675,52,0.052,0.08,0,0.08,0,0,-0.016,0.016,0.016,5.211,19.0830631
17.8528616,52,0.052,0.08,0,0.08,0,0,-0.016,0.016,0.016,6.42,19.1028572
17.9205082,52,0.052,0.08,0,0.08,0,0,-0.016,0.016,0.016,7.87,19.1705038
17.9517219,52,0.052,0.08,0,0.08,0,0,-0.016,0.016,0.016,9.078,19.2017175
18.0139308,52,0.052,0.08,0,0.08,0,0,-0.016,0.016,0.016,10.286,19.2639264
18.0963546,52,0.052,0.08,0,0.08,0,0,-0.016,0.016,0.016,11.495,19.3463502
18.108013,52,0.052,0.08,0,0.08,0,0,-0.016,0.016,0.016,12.703,19.3580086
18.1833275,52,0.052,0.08,0,0.08,0,0,-0.016,0.016,0.016,14.153,19.4333231
18.2173646,52,0.052,0.08,0,0.08,0,0,-0.016,0.016,0.016,15.361,19.4673602
18.2703708,52,0.052,0.08,0,0.08,0,0,-0.016,0.016,0.016,16.57,19.5203664
18.359267,52,0.052,0.08,0,0.08,0,0,-0.016,0.016,0.016,17.778,19.6092626
18.3703415,52,0.052,0.08,0,0.08,0,0,-0.016,0.016,0.016,18.986,19.6203371
18.4465978,52,0.052,0.08,0,0.08,0,0,-0.016,0.016,0.016,20.436,19.6965934
18.4756874,52,0.052,0.08,0,0.08,0,0,-0.016,0.016,0.016,21.645,19.725683
18.5387648,52,0.052,0.08,0,0.08,0,0,-0.016,0.016,0.016,22.853,19.7887604
18.6191311,52,0.052,0.08,0,0.08,0,0,-0.016,0.016,0.016,24.061,19.8691267
18.6338448,52,0.052,0.08,0,0.08,0,0,-0.016,0.016,0.016,25.27,19.8838404
18.7043858,52,0.052,0.08,0,0.08,0,0,-0.016,0.016,0.016,26.72,19.9543814
18.7419612,52,0.052,0.08,0,0.08,0,0,-0.016,0.016,0.016,27.928,19.9919568
18.7881743,52,0.052,0.08,0,0.08,0,0,-0.016,0.016,0.016,29.136,20.0381699
18.8775785,52,0.052,-1.245,0,-1.245,-5,-0.265,-0.016,-4.984,-0.249,-506.528,20.1275741
18.8979188,53,0.053,-6.589,-4.833,-1.756,-5,-1.511,-0.193,-4.807,-1.318,-571.927,20.1479144
18.9643451,53,0.053,-11.971,-8.055,-3.916,-5,-3.006,-0.612,-4.388,-2.394,-838.279,20.2143407
19.0092482,53,0.053,-15.703,-9.666,-6.037,-5,-4.252,-1.111,-3.889,-3.141,-1000,20.2592438
19.0564108,53,0.053,-16.38,-12.888,-3.492,-5,-5,-1.723,-3.277,-3.277,-858.447,20.3064064
19.1353717,53,0.053,-12.836,-11.277,-1.559,-5,-5,-2.432,-2.568,-2.568,-709.611,20.3853673
19.1656288,53,0.053,-10.339,-11.277,0.937999999999999,-5,-5,-2.932,-2.068,-2.068,-480.62,20.4156244
19.221917,53,0.053,-8.164,-9.666,1.502,-5,-5,-3.367,-1.633,-1.633,-429.491,20.4719126
19.2701551,53,0.053,-5.989,-8.055,2.066,-5,-5,-3.802,-1.198,-1.198,-366.848,20.5201507
19.3176751,53,0.053,-4.458,-6.444,1.986,-5,-5,-4.108,-0.892,-0.892,-359.137,20.5676707
19.3919402,53,0.053,-3.169,-4.833,1.664,-5,-5,-4.366,-0.634,-0.634,-369.31,20.6419358
19.4339867,53,0.053,-2.122,-4.833,2.711,-5,-5,-4.575,-0.425,-0.425,-240.124,20.6839823
19.4806646,53,0.053,-1.075,-3.222,2.147,-5,-5,-4.784,-0.216,-0.216,-260.29,20.7306602
19.5604306,53,0.053,-0.431,-1.611,1.18,-5,-5,-4.913,-0.0869999999999997,-0.0869999999999997,-328.622,20.8104262
19.587241,53,0.053,0.052,0,0.052,-5,-5,-5.01,0.00999999999999979,0.00999999999999979,-13.79,20.8372366
19.6480015,53,0.053,0.052,0,0.052,-5,-5,-5.01,0.00999999999999979,0.00999999999999979,-12.851,20.8979971
19.6954026,53,0.053,0.052,0,0.052,-5,-5,-5.01,0.00999999999999979,0.00999999999999979,-12.068,20.9453982
19.7383748,53,0.053,0.052,0,0.052,-5,-5,-5.01,0.00999999999999979,0.00999999999999979,-11.285,20.9883704
19.8197328,53,0.053,0.052,0,0.052,-5,-5,-5.01,0.00999999999999979,0.00999999999999979,-10.346,21.0697284
19.8441597,53,0.053,0.052,0,0.052,-5,-5,-5.01,0.00999999999999979,0.00999999999999979,-9.563,21.0941553
19.9069432,53,0.053,0.052,0,0.052,-5,-5,-5.01,0.00999999999999979,0.00999999999999979,-8.78,21.1569388
19.9532361,53,0.053,0.052,0,0.052,-5,-5,-5.01,0.00999999999999979,0.00999999999999979,-7.997,21.2032317
20.0160365,53,0.053,0.052,0,0.052,-5,-5,-5.01,0.00999999999999979,0.00999999999999979,-7.058,21.2660321
20.0746971,53,0.053,0.052,0,0.052,-5,-5,-5.01,0.00999999999999979,0.00999999999999979,-6.275,21.3246927
20.1185757,53,0.053,0.052,0,0.052,-5,-5,-5.01,0.00999999999999979,0.00999999999999979,-5.492,21.3685713
20.1665077,53,0.053,0.052,0,0.052,-5,-5,-5.01,0.00999999999999979,0.00999999999999979,-4.553,21.4165033
20.2484647,53,0.053,0.052,0,0.052,-5,-5,-5.01,0.00999999999999979,0.00999999999999979,-3.77,21.4984603
20.2772474,53,0.053,0.052,0,0.052,-5,-5,-5.01,0.00999999999999979,0.00999999999999979,-2.987,21.527243
20.3330543,53,0.053,0.052,0,0.052,-5,-5,-5.01,0.00999999999999979,0.00999999999999979,-2.048,21.5830499
20.4186125,53,0.053,0.052,0,0.052,-5,-5,-5.01,0.00999999999999979,0.00999999999999979,-1.265,21.6686081
20.4311759,53,0.053,0.052,0,0.052,-5,-5,-5.01,0.00999999999999979,0.00999999999999979,-0.482,21.6811715
20.5039696,52,0.052,0.052,0,0.052,-5,-5,-5.01,0.00999999999999979,0.00999999999999979,0.3,21.7539652
20.5422932,52,0.052,0.052,0,0.052,-5,-5,-5.01,0.00999999999999979,0.00999999999999979,1.239,21.7922888
20.5909581,52,0.052,0.052,0,0.052,-5,-5,-5.01,0.00999999999999979,0.00999999999999979,2.022,21.8409537
20.636682,52,0.052,0.052,0,0.052,-5,-5,-5.01,0.00999999999999979,0.00999999999999979,2.805,21.8866776
20.6998984,52,0.052,0.052,0,0.052,-5,-5,-5.01,0.00999999999999979,0.00999999999999979,3.588,21.949894
20.764225,52,0.052,0.052,0,0.052,-5,-5,-5.01,0.00999999999999979,0.00999999999999979,4.371,22.0142206
20.7910502,52,0.052,0.052,0,0.052,-5,-5,-5.01,0.00999999999999979,0.00999999999999979,5.31,22.0410458
20.853917,52,0.052,0.052,0,0.052,-5,-5,-5.01,0.00999999999999979,0.00999999999999979,6.093,22.1039126
20.9377745,52,0.052,0.052,0,0.052,-5,-5,-5.01,0.00999999999999979,0.00999999999999979,6.876,22.1877701
20.9482661,52,0.052,0.052,0,0.052,-5,-5,-5.01,0.00999999999999979,0.00999999999999979,7.658,22.1982617
21.0293113,52,0.052,0.052,0,0.052,-5,-5,-5.01,0.00999999999999979,0.00999999999999979,8.441,22.2793069
21.0636552,52,0.052,0.052,0,0.052,-5,-5,-5.01,0.00999999999999979,0.00999999999999979,9.381,22.3136508
21.1147291,52,0.052,0.052,0,0.052,-5,-5,-5.01,0.00999999999999979,0.00999999999999979,10.164,22.3647247
21.1568499,53,0.053,0,0,0,-10,-5.01,-5.01,-4.99,0,-194.428,22.4068455
21.2197654,53,0.053,-5.592,-3.222,-2.37,-10,-6.257,-5.139,-4.861,-1.118,-644.583,22.469761
21.2905028,53,0.053,-11.143,-6.444,-4.699,-10,-7.754,-5.525,-4.475,-2.229,-921.394,22.5404984
21.322452,53,0.053,-14.963,-9.666,-5.297,-10,-9.002,-6.009,-3.991,-2.993,-1000,22.5724476
21.376139,54,0.054,-16.973,-12.888,-4.085,-10,-10,-6.605,-3.395,-3.395,-926.401,22.6261346
21.4633544,54,0.054,-13.348,-11.277,-2.071,-10,-10,-7.33,-2.67,-2.67,-774.129,22.71335
21.4903167,54,0.054,-10.77,-9.666,-1.104,-10,-10,-7.845,-2.155,-2.155,-699.582,22.7403123
21.5638104,54,0.054,-8.112,-8.055,-0.0570000000000004,-10,-10,-8.377,-1.623,-1.623,-600.716,22.813806
21.5930502,54,0.054,-6.259,-6.444,0.185,-10,-10,-8.748,-1.252,-1.252,-569.91,22.8430458
21.6522695,53,0.053,-4.648,-6.444,1.796,-10,-10,-9.07,-0.93,-0.93,-391.287,22.9022651
21.6912983,53,0.053,-3.117,-4.833,1.716,-10,-10,-9.376,-0.624000000000001,-0.624000000000001,-374.506,22.9412939
21.7538245,54,0.054,-2.07,-3.222,1.152,-10,-10,-9.585,-0.414999999999999,-0.414999999999999,-404.678,23.0038201
21.8247346,53,0.053,-1.184,-3.222,2.038,-10,-10,-9.763,-0.237,-0.237,-285.504,23.0747302
21.8642779,53,0.053,-0.298,-3.222,2.924,-10,-10,-9.94,-0.0600000000000005,-0.0600000000000005,-155.626,23.1142735
21.9113713,53,0.053,0,0,0,-10,-10,-10.004,0.00399999999999956,0.00399999999999956,-229.734,23.1613669
21.9573626,53,0.053,0.104,0,0.104,-10,-10,-10.02,0.0199999999999996,0.0199999999999996,-12.656,23.2073582
22.0197145,53,0.053,0.104,0,0.104,-10,-10,-10.02,0.0199999999999996,0.0199999999999996,-11.09,23.2697101
22.0825476,53,0.053,0.104,0,0.104,-10,-10,-10.02,0.0199999999999996,0.0199999999999996,-9.211,23.3325432
22.1192792,53,0.053,0.104,0,0.104,-10,-10,-10.02,0.0199999999999996,0.0199999999999996,-7.646,23.3692748
22.1794751,53,0.053,0.104,0,0.104,-10,-10,-10.02,0.0199999999999996,0.0199999999999996,-6.08,23.4294707
22.2630487,53,0.053,0.104,0,0.104,-10,-10,-10.02,0.0199999999999996,0.0199999999999996,-4.202,23.5130443
22.275663,53,0.053,0.104,0,0.104,-10,-10,-10.02,0.0199999999999996,0.0199999999999996,-2.636,23.5256586
22.353406,53,0.053,0.104,0,0.104,-10,-10,-10.02,0.0199999999999996,0.0199999999999996,-1.07,23.6034016
22.3828199,53,0.053,0.104,0,0.104,-10,-10,-10.02,0.0199999999999996,0.0199999999999996,0.807,23.6328155
22.4464011,53,0.053,0.104,0,0.104,-10,-10,-10.02,0.0199999999999996,0.0199999999999996,2.373,23.6963967
22.4874368,53,0.053,0.104,0,0.104,-10,-10,-10.02,0.0199999999999996,0.0199999999999996,3.939,23.7374324
22.5409649,53,0.053,0.104,0,0.104,-10,-10,-10.02,0.0199999999999996,0.0199999999999996,5.504,23.7909605
22.6120091,53,0.053,0.104,0,0.104,-10,-10,-10.02,0.0199999999999996,0.0199999999999996,7.383,23.8620047
22.6498791,53,0.053,0.104,0,0.104,-10,-10,-10.02,0.0199999999999996,0.0199999999999996,8.948,23.8998747
22.7123652,53,0.053,0.104,0,0.104,-10,-10,-10.02,0.0199999999999996,0.0199999999999996,10.514,23.9623608
22.7843999,53,0.053,0.104,0,0.104,-10,-10,-10.02,0.0199999999999996,0.0199999999999996,12.393,24.0343955
22.806541,53,0.053,0.104,0,0.104,-10,-10,-10.02,0.0199999999999996,0.0199999999999996,13.958,24.0565366
22.870427,53,0.053,0.104,0,0.104,-10,-10,-10.02,0.0199999999999996,0.0199999999999996,15.524,24.1204226
22.9560527,53,0.053,0.104,0,0.104,-10,-10,-10.02,0.0199999999999996,0.0199999999999996,17.403,24.2060483
22.9685282,53,0.053,0.104,0,0.104,-10,-10,-10.02,0.0199999999999996,0.0199999999999996,18.968,24.2185238
23.0417316,53,0.053,0.104,0,0.104,-10,-10,-10.02,0.0199999999999996,0.0199999999999996,20.534,24.2917272
23.0777083,53,0.053,0.104,0,0.104,-10,-10,-10.02,0.0199999999999996,0.0199999999999996,22.099,24.3277039
23.1317114,53,0.053,0.104,0,0.104,-10,-10,-10.02,0.0199999999999996,0.0199999999999996,23.978,24.381707
23.2177711,53,0.053,0.104,0,0.104,-10,-10,-10.02,0.0199999999999996,0.0199999999999996,25.544,24.4677667
23.236315,53,0.053,0.104,0,0.104,-10,-10,-10.02,0.0199999999999996,0.0199999999999996,27.109,24.4863106
23.304586,53,0.053,0.104,0,0.104,-10,-10,-10.02,0.0199999999999996,0.0199999999999996,28.988,24.5545816
23.3467342,53,0.053,0.104,0,0.104,-10,-10,-10.02,0.0199999999999996,0.0199999999999996,30.554,24.5967298
23.3950822,53,0.053,0.104,0,0.104,-10,-10,-10.02,0.0199999999999996,0.0199999999999996,32.119,24.6450778
23.4412663,53,0.053,0.104,0,0.104,-10,-10,-10.02,0.0199999999999996,0.0199999999999996,33.998,24.6912619
23.4966589,53,0.053,0.104,0,0.104,-10,-10,-10.02,0.0199999999999996,0.0199999999999996,35.563,24.7466545
23.5715957,53,0.053,0.104,0,0.104,-10,-10,-10.02,0.0199999999999996,0.0199999999999996,37.129,24.8215913
23.6068703,53,0.053,0.104,0,0.104,-10,-10,-10.02,0.0199999999999996,0.0199999999999996,38.695,24.8568659
23.658399,53,0.053,0.104,0,0.104,-10,-10,-10.02,0.0199999999999996,0.0199999999999996,40.573,24.9083946
23.7427762,53,0.053,-3.492,-3.222,-0.27,-15,-10.767,-10.069,-4.931,-0.697999999999999,-403.302,24.9927718
23.7700559,54,0.054,-8.508,-4.833,-3.675,-15,-12.012,-10.31,-4.69,-1.702,-769.753,25.0200515
23.8299615,54,0.054,-13.479,-9.666,-3.813,-15,-13.506,-10.81,-4.19,-2.696,-840.916,25.0799571
23.8758944,54,0.054,-18.209,-12.888,-5.321,-15,-15,-11.358,-3.642,-3.642,-1000,25.12589
23.9231012,54,0.054,-14.504,-12.888,-1.616,-15,-15,-12.099,-2.901,-2.901,-695.759,25.1730968
24.0032389,54,0.054,-11.845,-9.666,-2.179,-15,-15,-12.63,-2.37,-2.37,-786.289,25.2532345
24.0341311,54,0.054,-9.509,-8.055,-1.454,-15,-15,-13.098,-1.902,-1.902,-729.567,25.2841267
24.0978715,54,0.054,-7.012,-8.055,1.043,-15,-15,-13.597,-1.403,-1.403,-474.133,25.3478671
24.176071,54,0.054,-5.321,-6.444,1.123,-15,-15,-13.935,-1.065,-1.065,-454.304,25.4260666
24.206889,54,0.054,-3.71,-3.222,-0.488,-15,-15,-14.257,-0.743,-0.743,-596.885,25.4568846
24.2622784,54,0.054,-2.501,-4.833,2.332,-15,-15,-14.499,-0.500999999999999,-0.500999999999999,-286.741,25.512274
24.3023763,54,0.054,-1.535,-3.222,1.687,-15,-15,-14.692,-0.308,-0.308,-321.769,25.5523719
24.365913,54,0.054,-0.648,-1.611,0.963,-15,-15,-14.87,-0.130000000000001,-0.130000000000001,-359.068,25.6159086
24.4373737,53,0.053,0,-3.222,3.222,-15,-15,-14.999,-0.000999999999999446,-0.000999999999999446,101.439,25.6873693
24.4606316,53,0.053,0,0,0,-15,-15,-14.999,-0.000999999999999446,-0.000999999999999446,-220.774,25.7106272
24.5247928,53,0.053,0,0,0,-15,-15,-14.999,-0.000999999999999446,-0.000999999999999446,-220.774,25.7747884
24.5695506,53,0.053,0,0,0,-15,-15,-14.999,-0.000999999999999446,-0.000999999999999446,-220.774,25.8195462
24.632665,53,0.053,0,0,0,-15,-15,-14.999,-0.000999999999999446,-0.000999999999999446,-220.774,25.8826606
24.701308,53,0.053,0,0,0,-15,-15,-14.999,-0.000999999999999446,-0.000999999999999446,-220.774,25.9513036
24.7279099,53,0.053,0.076,-1.611,1.687,-15,-15,-15.015,0.0150000000000006,0.0150000000000006,152.994,25.9779055
24.7902201,53,0.053,0,0,0,-15,-15,-14.999,-0.000999999999999446,-0.000999999999999446,-220.318,26.0402157
24.8743267,53,0.053,0.076,0,0.076,-15,-15,-15.015,0.0150000000000006,0.0150000000000006,-6.516,26.1243223
24.8840521,53,0.053,0.076,0,0.076,-15,-15,-15.015,0.0150000000000006,0.0150000000000006,-5.376,26.1340477
24.9574434,53,0.053,0.156,0,0.156,-15,-15,-15.031,0.0310000000000006,0.0310000000000006,9.377,26.207439
24.9934096,53,0.053,0.156,0,0.156,-15,-15,-15.031,0.0310000000000006,0.0310000000000006,11.726,26.2434052
25.050558,53,0.053,0.156,0,0.156,-15,-15,-15.031,0.0310000000000006,0.0310000000000006,14.544,26.3005536
25.1291662,53,0.053,0.156,0,0.156,-15,-15,-15.031,0.0310000000000006,0.0310000000000006,16.892,26.3791618
25.1508607,53,0.053,0.156,0,0.156,-15,-15,-15.031,0.0310000000000006,0.0310000000000006,19.241,26.4008563
25.2187557,53,0.053,0.156,0,0.156,-15,-15,-15.031,0.0310000000000006,0.0310000000000006,22.059,26.4687513
25.2645157,53,0.053,0.156,0,0.156,-15,-15,-15.031,0.0310000000000006,0.0310000000000006,24.407,26.5145113
25.3120533,53,0.053,0.156,0,0.156,-15,-15,-15.031,0.0310000000000006,0.0310000000000006,26.756,26.5620489
25.391826,53,0.053,0.156,0,0.156,-15,-15,-15.031,0.0310000000000006,0.0310000000000006,29.574,26.6418216
25.4242735,53,0.053,0.156,0,0.156,-15,-15,-15.031,0.0310000000000006,0.0310000000000006,31.923,26.6742691
25.4784885,53,0.053,0.156,0,0.156,-15,-15,-15.031,0.0310000000000006,0.0310000000000006,34.271,26.7284841
25.518597,53,0.053,0.156,0,0.156,-15,-15,-15.031,0.0310000000000006,0.0310000000000006,36.62,26.7685926
25.5747443,53,0.053,0.156,0,0.156,-15,-15,-15.031,0.0310000000000006,0.0310000000000006,39.438,26.8247399
25.651913,53,0.053,0.156,0,0.156,-15,-15,-15.031,0.0310000000000006,0.0310000000000006,41.786,26.9019086
25.6922149,53,0.053,0.156,0,0.156,-15,-15,-15.031,0.0310000000000006,0.0310000000000006,44.135,26.9422105
25.7384755,53,0.053,0.156,0,0.156,-15,-15,-15.031,0.0310000000000006,0.0310000000000006,46.953,26.9884711
25.7855068,53,0.053,0.156,0,0.156,-15,-15,-15.031,0.0310000000000006,0.0310000000000006,49.302,27.0355024
25.8473149,53,0.053,0.156,0,0.156,-15,-15,-15.031,0.0310000000000006,0.0310000000000006,51.65,27.0973105
25.9069275,53,0.053,0.156,0,0.156,-15,-15,-15.031,0.0310000000000006,0.0310000000000006,54.468,27.1569231
25.9950856,53,0.053,0.156,0,0.156,-15,-15,-15.031,0.0310000000000006,0.0310000000000006,56.817,27.2450812
26.0057391,53,0.053,0.156,0,0.156,-15,-15,-15.031,0.0310000000000006,0.0310000000000006,59.165,27.2557347
26.0826278,53,0.053,0.156,0,0.156,-15,-15,-15.031,0.0310000000000006,0.0310000000000006,61.514,27.3326234
26.1075337,53,0.053,0.156,0,0.156,-15,-15,-15.031,0.0310000000000006,0.0310000000000006,64.332,27.3575293
26.1704304,53,0.053,0.156,0,0.156,-15,-15,-15.031,0.0310000000000006,0.0310000000000006,66.68,27.420426
26.2173515,53,0.053,0.156,0,0.156,-15,-15,-15.031,0.0310000000000006,0.0310000000000006,69.029,27.4673471
26.2623613,53,0.053,0.156,0,0.156,-15,-15,-15.031,0.0310000000000006,0.0310000000000006,71.847,27.5123569
26.3386338,53,0.053,0.156,0,0.156,-15,-15,-15.031,0.0310000000000006,0.0310000000000006,74.196,27.5886294
26.3748988,53,0.053,0.156,0,0.156,-15,-15,-15.031,0.0310000000000006,0.0310000000000006,76.544,27.6248944
26.4252663,53,0.053,0.156,0,0.156,-15,-15,-15.031,0.0310000000000006,0.0310000000000006,79.362,27.6752619
26.5104397,53,0.053,3.692,1.611,2.081,-10,-14.276,-15.015,5.015,0.739000000000001,289.927,27.7604353
26.5270835,53,0.053,9.095,6.444,2.651,-10,-13.018,-14.837,4.837,1.819,399.217,27.7770791
26.5946436,53,0.053,13.774,6.444,7.33,-10,-11.76,-14.515,4.515,2.755,949.868,27.8446392
26.6325648,53,0.053,19.517,12.888,6.629,-10,-10,-13.903,3.903,3.903,950.611,27.8825604
26.6951617,53,0.053,16.537,11.277,5.26,-10,-10,-13.307,3.307,3.307,877.755,27.9451573
26.7625968,53,0.053,13.798,11.277,2.521,-10,-10,-12.759,2.759,2.759,662.712,28.0125924
26.8049883,53,0.053,10.979,8.055,2.924,-10,-10,-12.195,2.195,2.195,751.749,28.0549839
26.8582464,53,0.053,8.884,8.055,0.829000000000001,-10,-10,-11.776,1.776,1.776,561.758,28.108242
26.9361709,53,0.053,7.112,6.444,0.668,-10,-10,-11.422,1.422,1.422,555.913,28.1861665
26.9535771,53,0.053,5.259,4.833,0.426,-10,-10,-11.051,1.051,1.051,528.551,28.2035727
27.0201179,53,0.053,3.97,4.833,-0.863,-10,-10,-10.794,0.794,0.794,389.389,28.2701135
27.0645343,53,0.053,2.923,3.222,-0.299,-10,-10,-10.584,0.584,0.584,432.36,28.3145299
27.1112749,53,0.053,1.957,3.222,-1.265,-10,-10,-10.391,0.391,0.391,312.128,28.3612705
27.1932304,53,0.053,0.99,4.833,-3.843,-10,-10,-10.198,0.198,0.198,21.919,28.443226
27.2292402,53,0.053,0.507,3.222,-2.715,-10,-10,-10.101,0.101000000000001,0.101000000000001,116.927,28.4792358
27.2794674,53,0.053,0,3.222,-3.222,-10,-10,-10.004,0.00399999999999956,0.00399999999999956,-159.358,28.529463
27.3229034,53,0.053,0,-1.611,1.611,-10,-10,-10.004,0.00399999999999956,0.00399999999999956,323.452,28.572899
27.3843946,53,0.053,-0.056,0,-0.056,-10,-10,-9.988,-0.0120000000000005,-0.0120000000000005,-49.011,28.6343902
27.450748,53,0.053,-0.056,0,-0.056,-10,-10,-9.988,-0.0120000000000005,-0.0120000000000005,-49.862,28.7007436
27.49145,53,0.053,-0.056,0,-0.056,-10,-10,-9.988,-0.0120000000000005,-0.0120000000000005,-50.883,28.7414456
27.5372934,53,0.053,-0.056,0,-0.056,-10,-10,-9.988,-0.0120000000000005,-0.0120000000000005,-51.734,28.787289
27.6203119,53,0.053,-0.056,0,-0.056,-10,-10,-9.988,-0.0120000000000005,-0.0120000000000005,-52.585,28.8703075
27.6499685,53,0.053,-0.056,0,-0.056,-10,-10,-9.988,-0.0120000000000005,-0.0120000000000005,-53.436,28.8999641
27.7040258,53,0.053,-0.056,0,-0.056,-10,-10,-9.988,-0.0120000000000005,-0.0120000000000005,-54.457,28.9540214
27.7887701,53,0.053,-0.056,0,-0.056,-10,-10,-9.988,-0.0120000000000005,-0.0120000000000005,-55.308,29.0387657
27.8035388,53,0.053,-0.056,0,-0.056,-10,-10,-9.988,-0.0120000000000005,-0.0120000000000005,-56.159,29.0535344
27.8723845,53,0.053,-0.056,0,-0.056,-10,-10,-9.988,-0.0120000000000005,-0.0120000000000005,-57.18,29.1223801
27.9100672,53,0.053,-0.056,0,-0.056,-10,-10,-9.988,-0.0120000000000005,-0.0120000000000005,-58.031,29.1600628
27.9725619,53,0.053,-0.056,0,-0.056,-10,-10,-9.988,-0.0120000000000005,-0.0120000000000005,-58.882,29.2225575
28.0391024,53,0.053,-0.056,0,-0.056,-10,-10,-9.988,-0.0120000000000005,-0.0120000000000005,-59.903,29.289098
28.0691649,53,0.053,-0.056,0,-0.056,-10,-10,-9.988,-0.0120000000000005,-0.0120000000000005,-60.754,29.3191605
28.1241329,53,0.053,-0.056,0,-0.056,-10,-10,-9.988,-0.0120000000000005,-0.0120000000000005,-61.605,29.3741285
28.2120717,53,0.053,-0.056,0,-0.056,-10,-10,-9.988,-0.0120000000000005,-0.0120000000000005,-62.456,29.4620673
28.2308083,53,0.053,-0.056,0,-0.056,-10,-10,-9.988,-0.0120000000000005,-0.0120000000000005,-63.477,29.4808039
28.298793,53,0.053,-0.056,0,-0.056,-10,-10,-9.988,-0.0120000000000005,-0.0120000000000005,-64.328,29.5487886
28.3406407,53,0.053,-0.056,0,-0.056,-10,-10,-9.988,-0.0120000000000005,-0.0120000000000005,-65.179,29.5906363
28.3879557,53,0.053,-0.056,0,-0.056,-10,-10,-9.988,-0.0120000000000005,-0.0120000000000005,-66.2,29.6379513
28.4737502,53,0.053,-0.056,0,-0.056,-10,-10,-9.988,-0.0120000000000005,-0.0120000000000005,-67.051,29.7237458
28.4987744,53,0.053,-0.056,0,-0.056,-10,-10,-9.988,-0.0120000000000005,-0.0120000000000005,-67.902,29.74877
28.5621718,53,0.053,-0.056,0,-0.056,-10,-10,-9.988,-0.0120000000000005,-0.0120000000000005,-68.923,29.8121674
28.5926864,53,0.053,-0.056,0,-0.056,-10,-10,-9.988,-0.0120000000000005,-0.0120000000000005,-69.774,29.842682
28.6561344,53,0.053,-0.056,0,-0.056,-10,-10,-9.988,-0.0120000000000005,-0.0120000000000005,-70.625,29.90613
28.7354005,53,0.053,-0.056,0,-0.056,-10,-10,-9.988,-0.0120000000000005,-0.0120000000000005,-71.476,29.9853961
28.7665215,53,0.053,-0.056,0,-0.056,-10,-10,-9.988,-0.0120000000000005,-0.0120000000000005,-72.497,30.0165171
28.8199031,53,0.053,-0.056,0,-0.056,-10,-10,-9.988,-0.0120000000000005,-0.0120000000000005,-73.348,30.0698987
28.8599556,53,0.053,-0.056,0,-0.056,-10,-10,-9.988,-0.0120000000000005,-0.0120000000000005,-74.199,30.1099512
28.9199279,53,0.053,-0.056,0,-0.056,-10,-10,-9.988,-0.0120000000000005,-0.0120000000000005,-75.22,30.1699235
28.9890933,53,0.053,-0.056,0,-0.056,-10,-10,-9.988,-0.0120000000000005,-0.0120000000000005,-76.071,30.2390889
29.0301315,54,0.054,0,0,0,-5,-9.988,-9.988,4.988,0,128.921,30.2801271
29.0781395,53,0.053,6.677,4.833,1.844,-5,-8.492,-9.827,4.827,1.335,537.299,30.3281351
29.1599959,53,0.053,11.221,8.055,3.166,-5,-7.244,-9.489,4.489,2.245,710.032,30.4099915
29.1785431,53,0.053,15.201,9.666,5.535,-5,-5.997,-9.038,4.038,3.041,1000,30.4285387
29.2445539,53,0.053,16.565,12.888,3.677,-5,-5,-8.313,3.313,3.313,852.112,30.4945495
29.3275813,53,0.053,13.665,11.277,2.388,-5,-5,-7.733,2.733,2.733,771.374,30.5775769
29.3447407,53,0.053,11.088,9.666,1.422,-5,-5,-7.217,2.217,2.217,701.592,30.5947363
29.4120535,53,0.053,8.913,6.444,2.469,-5,-5,-6.782,1.782,1.782,821.836,30.6620491
29.4550452,53,0.053,6.577,8.055,-1.478,-5,-5,-6.315,1.315,1.315,421.779,30.7050408
29.4985378,53,0.053,4.965,6.444,-1.479,-5,-5,-5.993,0.993,0.993,409.029,30.7485334
29.5833468,53,0.053,3.596,6.444,-2.848,-5,-5,-5.719,0.719,0.719,252.329,30.8333424
29.6029153,53,0.053,2.307,3.222,-0.915,-5,-5,-5.461,0.461,0.461,419.29,30.8529109
29.6679101,53,0.053,1.421,1.611,-0.19,-5,-5,-5.284,0.284,0.284,465.022,30.9179057
29.7132483,53,0.053,0.696,3.222,-2.526,-5,-5,-5.139,0.139,0.139,202.474,30.9632439
29.7593646,53,0.053,0.052,0,0.052,-5,-5,-5.01,0.00999999999999979,0.00999999999999979,426.386,31.0093602
29.8439422,53,0.053,-0.189,1.611,-1.8,-5,-5,-4.962,-0.0380000000000003,-0.0380000000000003,-175.261,31.0939378
29.8697835,53,0.053,-0.189,0,-0.189,-5,-5,-4.962,-0.0380000000000003,-0.0380000000000003,-16.754,31.1197791
29.9306405,53,0.053,-0.189,0,-0.189,-5,-5,-4.962,-0.0380000000000003,-0.0380000000000003,-19.596,31.1806361
29.9780549,53,0.053,-0.189,0,-0.189,-5,-5,-4.962,-0.0380000000000003,-0.0380000000000003,-23.007,31.2280505
30.0259034,53,0.053,-0.189,0,-0.189,-5,-5,-4.962,-0.0380000000000003,-0.0380000000000003,-25.849,31.275899
30.0992299,53,0.053,-0.189,0,-0.189,-5,-5,-4.962,-0.0380000000000003,-0.0380000000000003,-28.691,31.3492255
30.1363471,53,0.053,-0.189,0,-0.189,-5,-5,-4.962,-0.0380000000000003,-0.0380000000000003,-32.101,31.3863427
30.1971916,53,0.053,-0.189,0,-0.189,-5,-5,-4.962,-0.0380000000000003,-0.0380000000000003,-34.943,31.4471872
30.2717454,53,0.053,-0.189,0,-0.189,-5,-5,-4.962,-0.0380000000000003,-0.0380000000000003,-37.786,31.521741
30.2907922,53,0.053,-0.189,0,-0.189,-5,-5,-4.962,-0.0380000000000003,-0.0380000000000003,-41.196,31.5407878
30.3562608,53,0.053,-0.189,0,-0.189,-5,-5,-4.962,-0.0380000000000003,-0.0380000000000003,-44.038,31.6062564
30.3952085,53,0.053,-0.189,0,-0.189,-5,-5,-4.962,-0.0380000000000003,-0.0380000000000003,-46.88,31.6452041
30.4583098,53,0.053,-0.189,0,-0.189,-5,-5,-4.962,-0.0380000000000003,-0.0380000000000003,-49.722,31.7083054
30.5232334,53,0.053,-0.189,0,-0.189,-5,-5,-4.962,-0.0380000000000003,-0.0380000000000003,-53.133,31.773229
30.5569026,53,0.053,-0.189,0,-0.189,-5,-5,-4.962,-0.0380000000000003,-0.0380000000000003,-55.975,31.8068982
30.6179584,53,0.053,-0.189,0,-0.189,-5,-5,-4.962,-0.0380000000000003,-0.0380000000000003,-58.817,31.867954
30.6935077,53,0.053,-0.189,0,-0.189,-5,-5,-4.962,-0.0380000000000003,-0.0380000000000003,-62.228,31.9435033
30.7147536,53,0.053,-0.189,0,-0.189,-5,-5,-4.962,-0.0380000000000003,-0.0380000000000003,-65.07,31.9647492
30.7800696,53,0.053,-0.189,0,-0.189,-5,-5,-4.962,-0.0380000000000003,-0.0380000000000003,-67.912,32.0300652
30.8639237,53,0.053,-0.189,0,-0.189,-5,-5,-4.962,-0.0380000000000003,-0.0380000000000003,-71.322,32.1139193
30.8723048,53,0.053,-0.189,0,-0.189,-5,-5,-4.962,-0.0380000000000003,-0.0380000000000003,-74.164,32.1223004
30.9496972,53,0.053,-0.189,0,-0.189,-5,-5,-4.962,-0.0380000000000003,-0.0380000000000003,-77.007,32.1996928
30.9815503,53,0.053,-0.189,0,-0.189,-5,-5,-4.962,-0.0380000000000003,-0.0380000000000003,-79.849,32.2315459
31.0384123,53,0.053,-0.189,0,-0.189,-5,-5,-4.962,-0.0380000000000003,-0.0380000000000003,-83.259,32.2884079
31.1272059,53,0.053,-0.189,0,-0.189,-5,-5,-4.962,-0.0380000000000003,-0.0380000000000003,-86.101,32.3772015
31.1487865,53,0.053,-0.189,0,-0.189,-5,-5,-4.962,-0.0380000000000003,-0.0380000000000003,-88.943,32.3987821
31.2194693,53,0.053,-0.189,0,-0.189,-5,-5,-4.962,-0.0380000000000003,-0.0380000000000003,-92.354,32.4694649
31.2473784,53,0.053,-0.189,0,-0.189,-5,-5,-4.962,-0.0380000000000003,-0.0380000000000003,-95.196,32.497374
31.3073461,53,0.053,-0.189,0,-0.189,-5,-5,-4.962,-0.0380000000000003,-0.0380000000000003,-98.038,32.5573417
31.3529208,53,0.053,-0.189,0,-0.189,-5,-5,-4.962,-0.0380000000000003,-0.0380000000000003,-101.448,32.6029164
31.4144612,53,0.053,-0.189,0,-0.189,-5,-5,-4.962,-0.0380000000000003,-0.0380000000000003,-104.291,32.6644568
31.4941451,53,0.053,-0.189,0,-0.189,-5,-5,-4.962,-0.0380000000000003,-0.0380000000000003,-107.133,32.7441407
31.5113046,53,0.053,-0.189,0,-0.189,-5,-5,-4.962,-0.0380000000000003,-0.0380000000000003,-109.975,32.7613002
31.5804108,53,0.053,-0.189,0,-0.189,-5,-5,-4.962,-0.0380000000000003,-0.0380000000000003,-113.385,32.8304064
31.6158194,53,0.053,-0.189,0,-0.189,-5,-5,-4.962,-0.0380000000000003,-0.0380000000000003,-116.227,32.865815
31.6774481,53,0.053,-0.189,0,-0.189,-5,-5,-4.962,-0.0380000000000003,-0.0380000000000003,-119.069,32.9274437
31.7540647,53,0.053,-0.189,0,-0.189,-5,-5,-4.962,-0.0380000000000003,-0.0380000000000003,-122.48,33.0040603
31.781729,53,0.053,-0.189,0,-0.189,-5,-5,-4.962,-0.0380000000000003,-0.0380000000000003,-125.322,33.0317246
31.8405832,53,0.053,-0.189,0,-0.189,-5,-5,-4.962,-0.0380000000000003,-0.0380000000000003,-128.164,33.0905788
31.9260526,53,0.053,3.56,1.611,1.949,0,-4.217,-4.929,4.929,0.712000000000001,496.523,33.1760482
31.9379946,53,0.053,8.635,6.444,2.191,0,-2.977,-4.704,4.704,1.727,553.072,33.1879902
32.0133772,53,0.053,12.985,8.055,4.93,0,-1.736,-4.333,4.333,2.597,884.953,33.2633728
32.0453008,53,0.053,16.61,9.666,6.944,0,-0.496,-3.818,3.818,3.322,1000,33.2952964
32.0990926,53,0.053,15.546,9.666,5.88,0,0,-3.109,3.109,3.109,1000,33.3490882
32.1899089,53,0.053,12.727,11.277,1.45,0,0,-2.545,2.545,2.545,661.368,33.4399045
32.2016027,53,0.053,10.31,9.666,0.644,0,0,-2.062,2.062,2.062,604.981,33.4515983
32.2758161,52,0.052,7.813,8.055,-0.242,0,0,-1.562,1.562,1.562,525.797,33.5258117
32.3121502,52,0.052,6.041,6.444,-0.403,0,0,-1.208,1.208,1.208,504.853,33.5621458
32.3650894,52,0.052,4.591,6.444,-1.853,0,0,-0.918,0.918,0.918,350.673,33.615085
32.4071924,52,0.052,3.302,4.833,-1.531,0,0,-0.66,0.66,0.66,362.595,33.657188
32.469023,52,0.052,2.255,4.833,-2.578,0,0,-0.451,0.451,0.451,235.159,33.7190186
32.5444689,52,0.052,1.288,1.611,-0.323,0,0,-0.257,0.257,0.257,431.952,33.7944645
32.5643432,52,0.052,0.563,3.222,-2.659,0,0,-0.112,0.112,0.112,167.172,33.8143388
32.6304011,52,0.052,0,3.222,-3.222,0,0,0,0,0,-119.664,33.8803967
32.6753046,52,0.052,-0.08,0,-0.08,0,0,0.016,-0.016,-0.016,-11.305,33.9253002
32.7218099,52,0.052,-0.08,0,-0.08,0,0,0.016,-0.016,-0.016,-12.513,33.9718055
32.8009881,52,0.052,-0.08,0,-0.08,0,0,0.016,-0.016,-0.016,-13.963,34.0509837
32.8311275,52,0.052,-0.08,0,-0.08,0,0,0.016,-0.016,-0.016,-15.172,34.0811231
32.887036,52,0.052,-0.08,0,-0.08,0,0,0.016,-0.016,-0.016,-16.38,34.1370316
32.9240047,52,0.052,-0.08,0,-0.08,0,0,0.016,-0.016,-0.016,-17.588,34.1740003
32.9864689,52,0.052,-0.08,0,-0.08,0,0,0.016,-0.016,-0.016,-18.797,34.2364645
33.056527,52,0.052,-0.08,0,-0.08,0,0,0.016,-0.016,-0.016,-20.247,34.3065226
33.0801072,52,0.052,-0.08,0,-0.08,0,0,0.016,-0.016,-0.016,-21.455,34.3301028
33.1441852,52,0.052,-0.08,0,-0.08,0,0,0.016,-0.016,-0.016,-22.663,34.3941808
33.1848629,52,0.052,-0.08,0,-0.08,0,0,0.016,-0.016,-0.016,-23.872,34.4348585
33.2479594,52,0.052,-0.08,0,-0.08,0,0,0.016,-0.016,-0.016,-25.08,34.497955
33.3134487,52,0.052,-0.08,0,-0.08,0,0,0.016,-0.016,-0.016,-26.53,34.5634443
33.346623,52,0.052,-0.08,0,-0.08,0,0,0.016,-0.016,-0.016,-27.738,34.5966186
33.3976412,52,0.052,-0.08,0,-0.08,0,0,0.016,-0.016,-0.016,-28.947,34.6476368
33.4835557,52,0.052,-0.08,0,-0.08,0,0,0.016,-0.016,-0.016,-30.155,34.7335513
33.5061077,52,0.052,-0.08,0,-0.08,0,0,0.016,-0.016,-0.016,-31.363,34.7561033
33.5682642,52,0.052,-0.08,0,-0.08,0,0,0.016,-0.016,-0.016,-32.813,34.8182598
33.599942,52,0.052,-0.08,0,-0.08,0,0,0.016,-0.016,-0.016,-34.022,34.8499376
33.6667485,52,0.052,-0.08,0,-0.08,0,0,0.016,-0.016,-0.016,-35.23,34.9167441
33.7488412,52,0.052,-0.08,0,-0.08,0,0,0.016,-0.016,-0.016,-36.438,34.9988368
33.7672636,52,0.052,-0.08,0,-0.08,0,0,0.016,-0.016,-0.016,-37.647,35.0172592
33.8344862,52,0.052,-0.08,0,-0.08,0,0,0.016,-0.016,-0.016,-39.097,35.0844818
33.8621042,52,0.052,-0.08,0,-0.08,0,0,0.016,-0.016,-0.016,-40.305,35.1120998
33.9216259,52,0.052,-0.08,0,-0.08,0,0,0.016,-0.016,-0.016,-41.513,35.1716215
33.9654528,52,0.052,-0.08,0,-0.08,0,0,0.016,-0.016,-0.016,-42.722,35.2154484
34.0292155,52,0.052,-0.08,0,-0.08,0,0,0.016,-0.016,-0.016,-43.93,35.2792111
34.0944529,52,0.052,-0.08,0,-0.08,0,0,0.016,-0.016,-0.016,-45.38,35.3444485
34.1334523,52,0.052,-0.08,0,-0.08,0,0,0.016,-0.016,-0.016,-46.588,35.3834479
34.1800848,52,0.052,-0.08,0,-0.08,0,0,0.016,-0.016,-0.016,-47.797,35.4300804
34.2279635,52,0.052,-0.08,0,-0.08,0,0,0.016,-0.016,-0.016,-49.005,35.4779591
34.2757403,52,0.052,-0.08,0,-0.08,0,0,0.016,-0.016,-0.016,-50.213,35.5257359
34.3489973,52,0.052,-0.08,0,-0.08,0,0,0.016,-0.016,-0.016,-51.663,35.5989929
34.3864425,52,0.052,-0.08,0,-0.08,0,0,0.016,-0.016,-0.016,-52.872,35.6364381
34.4418599,52,0.052,-0.08,0,-0.08,0,0,0.016,-0.016,-0.016,-54.08,35.6918555
34.5221884,52,0.052,-0.08,0,-0.08,0,0,0.016,-0.016,-0.016,-55.288,35.772184
34.537201,52,0.052,-0.08,0,-0.08,0,0,0.016,-0.016,-0.016,-56.497,35.7871966
34.6085385,52,0.052,-0.08,0,-0.08,0,0,0.016,-0.016,-0.016,-57.947,35.8585341
34.6480185,52,0.052,-0.08,0,-0.08,0,0,0.016,-0.016,-0.016,-59.155,35.8980141
34.6953375,52,0.052,-0.08,0,-0.08,0,0,0.016,-0.016,-0.016,-60.363,35.9453331
34.7815019,52,0.052,-0.08,0,-0.08,0,0,0.016,-0.016,-0.016,-61.572,36.0314975
34.8092817,52,0.052,-0.08,0,-0.08,0,0,0.016,-0.016,-0.016,-62.78,36.0592773
34.8706159,52,0.052,-0.08,0,-0.08,0,0,0.016,-0.016,-0.016,-64.23,36.1206115
34.9027159,52,0.052,-0.08,0,-0.08,0,0,0.016,-0.016,-0.016,-65.438,36.1527115
34.9601056,52,0.052,-0.08,0,-0.08,0,0,0.016,-0.016,-0.016,-66.647,36.2101012
35.046168,52,0.052,-0.08,0,-0.08,0,0,0.016,-0.016,-0.016,-67.855,36.2961636
35.0684113,52,0.052,-0.08,0,-0.08,0,0,0.016,-0.016,-0.016,-69.063,36.3184069
35.1335404,52,0.052,-0.08,0,-0.08,0,0,0.016,-0.016,-0.016,-70.513,36.383536
35.1604217,52,0.052,-0.08,0,-0.08,0,0,0.016,-0.016,-0.016,-71.722,36.4104173
35.2232147,52,0.052,-0.08,0,-0.08,0,0,0.016,-0.016,-0.016,-72.93,36.4732103
35.3022662,52,0.052,-0.08,0,-0.08,0,0,0.016,-0.016,-0.016,-74.138,36.5522618
35.3170727,52,0.052,-0.08,0,-0.08,0,0,0.016,-0.016,-0.016,-75.347,36.5670683
35.3878702,52,0.052,-0.08,0,-0.08,0,0,0.016,-0.016,-0.016,-76.797,36.6378658
35.4306144,52,0.052,-0.08,0,-0.08,0,0,0.016,-0.016,-0.016,-78.005,36.68061
35.4782367,52,0.052,-0.08,0,-0.08,0,0,0.016,-0.016,-0.016,-79.213,36.7282323
35.5586193,52,0.052,-0.08,0,-0.08,0,0,0.016,-0.016,-0.016,-80.422,36.8086149
35.5860966,52,0.052,-0.08,0,-0.08,0,0,0.016,-0.016,-0.016,-81.63,36.8360922
35.6435016,52,0.052,-0.08,0,-0.08,0,0,0.016,-0.016,-0.016,-83.08,36.8934972
35.6808387,52,0.052,-0.08,0,-0.08,0,0,0.016,-0.016,-0.016,-84.288,36.9308343
35.7438397,52,0.052,-0.08,0,-0.08,0,0,0.016,-0.016,-0.016,-85.497,36.9938353
35.8180321,52,0.052,-0.08,0,-0.08,0,0,0.016,-0.016,-0.016,-86.705,37.0680277
35.8383774,52,0.052,-0.08,0,-0.08,0,0,0.016,-0.016,-0.016,-87.913,37.088373
35.9045757,52,0.052,-0.08,0,-0.08,0,0,0.016,-0.016,-0.016,-89.363,37.1545713
35.9419103,52,0.052,-0.08,0,-0.08,0,0,0.016,-0.016,-0.016,-90.571,37.1919059
36.0049359,52,0.052,-0.08,0,-0.08,0,0,0.016,-0.016,-0.016,-91.78,37.2549315
36.0784518,52,0.052,0,0,0,5,0.016,0.016,4.984,0,115.308,37.3284474
36.1000706,52,0.052,5.746,3.222,2.524,5,1.262,0.112,4.888,1.15,591.917,37.3500662
36.1714523,53,0.053,11.289,6.444,4.845,5,2.757,0.499,4.501,2.258,870.802,37.4214479
36.2092773,53,0.053,15.182,11.277,3.905,5,4.003,0.966,4.034,3.037,842.286,37.4592729
36.2604442,53,0.053,17.266,12.888,4.378,5,5,1.546,3.454,3.454,916.472,37.5104398
36.3447864,53,0.053,13.641,12.888,0.753,5,5,2.271,2.729,2.729,609.106,37.594782
36.366057,53,0.053,11.064,9.666,1.398,5,5,2.787,2.213,2.213,700.558,37.6160526
36.4285559,53,0.053,8.808,9.666,-0.858000000000001,5,5,3.238,1.762,1.762,485.824,37.6785515
36.4759474,53,0.053,6.875,8.055,-1.18,5,5,3.624,1.376,1.376,452.82,37.725943
36.5226331,53,0.053,5.022,4.833,0.189,5,5,3.995,1.005,1.005,582.538,37.7726287
36.5987783,53,0.053,3.653,4.833,-1.18,5,5,4.269,0.731,0.731,425.965,37.8487739
36.6327848,53,0.053,2.525,3.222,-0.697,5,5,4.494,0.506,0.506,450.798,37.8827804
36.6848945,53,0.053,1.397,3.222,-1.825,5,5,4.72,0.28,0.28,303.251,37.9348901
36.7683786,53,0.053,0.672,1.611,-0.939,5,5,4.865,0.135,0.135,362.32,38.0183742
36.7901522,53,0.053,0,1.611,-1.611,5,5,4.994,0.00600000000000023,0.00600000000000023,60.34,38.0401478
36.8530049,52,0.052,-0.052,0,-0.052,5,5,5.01,-0.00999999999999979,-0.00999999999999979,10.612,38.1030005
36.9001758,52,0.052,-0.052,0,-0.052,5,5,5.01,-0.00999999999999979,-0.00999999999999979,9.673,38.1501714
36.9536036,52,0.052,0,0,0,0,5.01,5.01,-5.01,0,214.265,38.2035992
37.0247959,52,0.052,-6.021,-1.611,-4.41,0,3.757,4.962,-4.962,-1.205,-467.183,38.2747915
37.0499683,53,0.053,-11.156,-6.444,-4.712,0,2.505,4.736,-4.736,-2.231,-567.472,38.2999639
37.1124417,53,0.053,-16.255,-9.666,-6.589,0,1.002,4.253,-4.253,-3.251,-866.459,38.3624373
37.1537124,53,0.053,-18.446,-12.888,-5.558,0,0,3.689,-3.689,-3.689,-821.409,38.403708
37.2051112,53,0.053,-15.546,-9.666,-5.88,0,0,3.109,-3.109,-3.109,-929.996,38.4551068
37.2829924,53,0.053,-12.405,-9.666,-2.739,0,0,2.481,-2.481,-2.481,-673.835,38.532988
37.321188,53,0.053,-10.23,-6.444,-3.786,0,0,2.046,-2.046,-2.046,-814.079,38.5711836
37.369666,53,0.053,-8.297,-6.444,-1.853,0,0,1.659,-1.659,-1.659,-640.083,38.6196616
37.4586397,53,0.053,-6.605,-4.833,-1.772,0,0,1.321,-1.321,-1.321,-638.794,38.7086353
37.4731565,53,0.053,-4.833,-4.833,0,0,0,0.966,-0.966,-0.966,-455.051,38.7231521
37.544053,52,0.052,-3.624,-4.833,1.209,0,0,0.724,-0.724,-0.724,-323.588,38.7940486
37.5825888,52,0.052,-2.658,-3.222,0.564,0,0,0.531,-0.531,-0.531,-375.464,38.8325844
37.6303895,52,0.052,-1.852,-1.611,-0.241,0,0,0.37,-0.37,-0.37,-439.827,38.8803851
37.7133692,52,0.052,-1.047,-1.611,0.564,0,0,0.209,-0.209,-0.209,-334.865,38.9633648
37.7364836,53,0.053,-0.563,0,-0.563,0,0,0.112,-0.112,-0.112,-428.791,38.9864792
37.7976037,52,0.052,3.689,1.611,2.078,5,0.818,0.08,4.92,0.738,267.251,39.0475993
37.8358685,53,0.053,9.033,6.444,2.589,5,2.048,0.241,4.759,1.807,375.345,39.0858641
37.8988966,53,0.053,14.398,8.055,6.343,5,3.524,0.644,4.356,2.88,850.689,39.1488922
37.9657143,53,0.053,19.2,11.277,7.923,5,5,1.159,3.841,3.841,1000,39.2157099
38.0076299,53,0.053,16.219,12.888,3.331,5,5,1.756,3.244,3.244,684.085,39.2576255
38.0543695,53,0.053,12.997,11.277,1.72,5,5,2.4,2.6,2.6,587.771,39.3043651
38.1382634,53,0.053,10.742,9.666,1.076,5,5,2.851,2.149,2.149,562.419,39.388259
38.1547207,53,0.053,8.647,8.055,0.592000000000001,5,5,3.27,1.73,1.73,530.22,39.4047163
38.2243216,53,0.053,6.875,6.444,0.431,5,5,3.624,1.376,1.376,521.785,39.4743172
38.2658869,53,0.053,5.103,6.444,-1.341,5,5,3.979,1.021,1.021,343.386,39.5158825
38.3278181,53,0.053,3.814,6.444,-2.63,5,5,4.237,0.763,0.763,202.359,39.5778137
38.3950721,53,0.053,2.767,4.833,-2.066,5,5,4.446,0.554,0.554,243.947,39.6450677
38.423432,53,0.053,1.719,3.222,-1.503,5,5,4.656,0.344,0.344,275.713,39.6734276
38.4860735,53,0.053,0.995,3.222,-2.227,5,5,4.8,0.2,0.2,178.99,39.7360691
38.5640488,53,0.053,0.431,3.222,-2.791,5,5,4.913,0.0869999999999997,0.0869999999999997,98.862,39.8140444
38.592443,53,0.053,-2.561,-1.611,-0.95,0,4.465,4.978,-4.978,-0.513,-146.364,39.8424386
38.6510214,53,0.053,-8.119,-4.833,-3.286,0,3.225,4.849,-4.849,-1.624,-430.719,39.901017
38.6864826,53,0.053,-12.791,-8.055,-4.736,0,1.984,4.543,-4.543,-2.559,-648.939,39.9364782
38.7498203,53,0.053,-16.739,-11.277,-5.462,0,0.744,4.092,-4.092,-3.348,-814.718,39.9998159
38.8242302,53,0.053,-16.996,-9.666,-7.33,0,0,3.399,-3.399,-3.399,-1000,40.0742258
38.8574671,53,0.053,-14.177,-11.277,-2.9,0,0,2.835,-2.835,-2.835,-666.145,40.1074627
38.911198,53,0.053,-11.76,-9.666,-2.094,0,0,2.352,-2.352,-2.352,-630.782,40.1611936
38.9513276,53,0.053,-9.183,-8.055,-1.128,0,0,1.836,-1.836,-1.836,-563.117,40.2013232
39.0139886,53,0.053,-7.33,-8.055,0.725,0,0,1.466,-1.466,-1.466,-387.751,40.2639842
39.0852633,53,0.053,-5.799,-6.444,0.645,0,0,1.159,-1.159,-1.159,-400.157,40.3352589
39.1128868,53,0.053,-4.188,-4.833,0.645,0,0,0.837,-0.837,-0.837,-390.49,40.3628824
39.1724393,53,0.053,-3.141,-3.222,0.081,0,0,0.628,-0.628,-0.628,-436.97,40.4224349
39.2567766,52,0.052,-2.174,-3.222,1.048,0,0,0.434,-0.434,-0.434,-320.006,40.5067722
39.278735,52,0.052,-1.449,-1.611,0.162,0,0,0.289,-0.289,-0.289,-390.732,40.5287306
39.3417212,52,0.052,-0.724,-3.222,2.498,0,0,0.144,-0.144,-0.144,-128.852,40.5917168
39.3715906,52,0.052,-0.161,-1.611,1.45,0,0,0.032,-0.032,-0.032,-207.472,40.6215862
39.4262496,52,0.052,0,0,0,0,0,0,0,0,-143.044,40.6762452
39.5112705,52,0.052,0,0,0,0,0,0,0,0,-143.044,40.7612661
39.5237738,52,0.052,0,0,0,0,0,0,0,0,-143.044,40.7737694
39.5962198,52,0.052,0,0,0,0,0,0,0,0,-143.044,40.8462154
39.6407468,52,0.052,0,0,0,0,0,0,0,0,-143.044,40.8907424
39.6860583,52,0.052,0,0,0,0,0,0,0,0,-143.044,40.9360539
39.7692048,52,0.052,0,0,0,5,0,0,5,0,-143.044,41.0192004
39.7906325,52,0.052,4.838,1.611,3.227,5,1,0.032,4.968,0.968,406.845,41.0406281
39.8549583,53,0.053,11.05,4.833,6.217,5,2.5,0.289,4.711,2.211,782.18,41.1049539
39.8958421,53,0.053,15.286,9.666,5.62,5,3.75,0.692,4.308,3.058,806.245,41.1458377
39.9598737,53,0.053,18.797,12.888,5.909,5,5,1.24,3.76,3.76,890.718,41.2098693
40.0048273,53,0.053,15.897,11.277,4.62,5,5,1.82,3.18,3.18,822.829,41.2548229
40.0516632,53,0.053,12.755,9.666,3.089,5,5,2.448,2.552,2.552,733.603,41.3016588
40.1421535,53,0.053,10.419,9.666,0.753,5,5,2.916,2.084,2.084,529.905,41.3921491
40.1612391,53,0.053,8.486,6.444,2.042,5,5,3.302,1.698,1.698,681.45,41.4112347
40.2309935,53,0.053,6.392,6.444,-0.0519999999999996,5,5,3.721,1.279,1.279,476.146,41.4809891
40.2710211,53,0.053,4.942,6.444,-1.502,5,5,4.011,0.989,0.989,327.224,41.5210167
40.3170948,53,0.053,3.733,4.833,-1.1,5,5,4.253,0.747,0.747,358.26,41.5670904
40.4038896,53,0.053,2.525,3.222,-0.697,5,5,4.494,0.506,0.506,379.957,41.6538852
40.4258483,53,0.053,1.639,3.222,-1.583,5,5,4.672,0.328,0.328,268.09,41.6758439
40.489405,53,0.053,0.995,1.611,-0.616,5,5,4.8,0.2,0.2,344.639,41.7394006
40.5346062,53,0.053,0.431,1.611,-1.18,5,5,4.913,0.0869999999999997,0.0869999999999997,264.028,41.7846018
40.5819781,53,0.053,-0.052,0,-0.052,5,5,5.01,-0.00999999999999979,-0.00999999999999979,-50.804,41.8319737
40.6612496,52,0.052,-3.745,-1.611,-2.134,0,4.245,4.994,-4.994,-0.749,-277.177,41.9112452
40.6923666,53,0.053,-9.102,-6.444,-2.658,0,2.996,4.817,-4.817,-1.821,-381.977,41.9423622
40.7488332,53,0.053,-14.499,-9.666,-4.833,0,1.498,4.398,-4.398,-2.9,-696.498,41.9988288
40.8355573,53,0.053,-19.413,-12.888,-6.525,0,0,3.882,-3.882,-3.882,-942.993,42.0855529
40.8561719,53,0.053,-16.432,-11.277,-5.155,0,0,3.286,-3.286,-3.286,-848.101,42.1061675
40.9230376,53,0.053,-13.694,-11.277,-2.417,0,0,2.738,-2.738,-2.738,-631.734,42.1730332
40.9521899,53,0.053,-10.874,-9.666,-1.208,0,0,2.174,-2.174,-2.174,-558.269,42.2021855
41.0247486,53,0.053,-8.86,-8.055,-0.805,0,0,1.772,-1.772,-1.772,-541.433,42.2747442
41.0553667,53,0.053,-7.008,-6.444,-0.564,0,0,1.401,-1.401,-1.401,-522.1,42.3053623
41.117595,53,0.053,-5.235,-6.444,1.209,0,0,1.047,-1.047,-1.047,-346.332,42.3675906
41.1859389,53,0.053,-4.027,-3.222,-0.805,0,0,0.805,-0.805,-0.805,-542.4,42.4359345
41.2223861,52,0.052,-2.899,-4.833,1.934,0,0,0.579,-0.579,-0.579,-250.634,42.4723817
41.2753675,52,0.052,-2.013,-3.222,1.209,0,0,0.402,-0.402,-0.402,-305.008,42.5253631
41.3167095,52,0.052,-1.208,-1.611,0.403,0,0,0.241,-0.241,-0.241,-364.054,42.5667051
41.3800591,53,0.053,1.294,-1.611,2.905,5,0.387,0.128,4.872,0.259,315.947,42.6300547
41.4522252,53,0.053,6.96,3.222,3.738,5,1.601,0.209,4.791,1.392,446.432,42.7022208
41.4765346,53,0.053,11.74,6.444,5.296,5,2.815,0.467,4.533,2.348,672.783,42.7265302
41.5382301,53,0.053,16.444,9.666,6.778,5,4.271,0.982,4.018,3.289,928.316,42.7882257
41.5826822,53,0.053,17.186,12.888,4.298,5,5,1.562,3.438,3.438,729.545,42.8326778
41.6373105,53,0.053,14.447,11.277,3.17,5,5,2.11,2.89,2.89,664.718,42.8873061
41.7118105,53,0.053,11.628,8.055,3.573,5,5,2.674,2.326,2.326,765.679,42.9618061
41.7564694,53,0.053,9.533,8.055,1.478,5,5,3.093,1.907,1.907,585.423,43.006465
41.8084235,53,0.053,7.68,6.444,1.236,5,5,3.463,1.537,1.537,575.698,43.0584191
41.8840848,53,0.053,5.828,4.833,0.995,5,5,3.834,1.166,1.166,558.568,43.1340804
41.9076075,53,0.053,4.458,4.833,-0.375,5,5,4.108,0.892,0.892,414.319,43.1576031
41.9716431,53,0.053,3.331,3.222,0.109,5,5,4.333,0.667,0.667,451.96,43.2216387
42.0171846,53,0.053,2.364,3.222,-0.858,5,5,4.527,0.473,0.473,338.805,43.2671802
42.0642913,53,0.053,1.478,1.611,-0.133,5,5,4.704,0.296,0.296,390.789,43.3142869
42.1448311,53,0.053,0.833,1.611,-0.778,5,5,4.833,0.167,0.167,303.814,43.3948267
42.1795164,53,0.053,0.27,3.222,-2.952,5,5,4.945,0.0549999999999997,0.0549999999999997,59.92,43.429512
42.2343394,53,0.053,0,0,0,5,5,4.994,0.00600000000000023,0.00600000000000023,141.371,43.484335
42.2716928,52,0.052,-0.052,0,-0.052,5,5,5.01,-0.00999999999999979,-0.00999999999999979,-69.306,43.5216884
42.3320852,52,0.052,-0.052,0,-0.052,5,5,5.01,-0.00999999999999979,-0.00999999999999979,-69.776,43.5820808
42.4049959,52,0.052,-0.052,1.611,-1.663,5,5,5.01,-0.00999999999999979,-0.00999999999999979,-231.353,43.6549915
42.4389904,53,0.053,-0.052,0,-0.052,5,5,5.01,-0.00999999999999979,-0.00999999999999979,-70.872,43.688986
42.4956273,52,0.052,0,-1.611,1.611,5,5,4.994,0.00600000000000023,0.00600000000000023,299.817,43.7456229
42.5408397,53,0.053,-0.052,0,-0.052,5,5,5.01,-0.00999999999999979,-0.00999999999999979,-71.968,43.7908353
42.5968847,52,0.052,0,0,0,5,5,4.994,0.00600000000000023,0.00600000000000023,137.77,43.8468803
42.6685855,52,0.052,0,-1.611,1.611,5,5,4.994,0.00600000000000023,0.00600000000000023,298.251,43.9185811
42.690722,53,0.053,0,-1.611,1.611,5,5,4.994,0.00600000000000023,0.00600000000000023,297.625,43.9407176
42.7575762,53,0.053,-0.052,1.611,-1.663,5,5,5.01,-0.00999999999999979,-0.00999999999999979,-235.11,44.0075718
42.80287,53,0.053,-0.052,0,-0.052,5,5,5.01,-0.00999999999999979,-0.00999999999999979,-74.629,44.0528656
42.8510311,52,0.052,-0.052,0,-0.052,5,5,5.01,-0.00999999999999979,-0.00999999999999979,-75.256,44.1010267
42.9285496,53,0.053,-0.052,0,-0.052,5,5,5.01,-0.00999999999999979,-0.00999999999999979,-75.725,44.1785452
42.9587597,52,0.052,-0.052,1.611,-1.663,5,5,5.01,-0.00999999999999979,-0.00999999999999979,-237.302,44.2087553
43.0158108,53,0.053,0,-1.611,1.611,5,5,4.994,0.00600000000000023,0.00600000000000023,294.494,44.2658064
43.0639395,53,0.053,-0.052,1.611,-1.663,5,5,5.01,-0.00999999999999979,-0.00999999999999979,-238.398,44.3139351
43.1114778,53,0.053,0,-1.611,1.611,5,5,4.994,0.00600000000000023,0.00600000000000023,293.398,44.3614734
43.1895651,53,0.053,0,-1.611,1.611,5,5,4.994,0.00600000000000023,0.00600000000000023,292.928,44.4395607
43.2267543,53,0.053,-0.052,0,-0.052,5,5,5.01,-0.00999999999999979,-0.00999999999999979,-78.857,44.4767499
43.2757172,53,0.053,0,-1.611,1.611,5,5,4.994,0.00600000000000023,0.00600000000000023,291.832,44.5257128
43.3235809,53,0.053,0,-1.611,1.611,5,5,4.994,0.00600000000000023,0.00600000000000023,291.362,44.5735765
43.3872682,53,0.053,-0.052,1.611,-1.663,5,5,5.01,-0.00999999999999979,-0.00999999999999979,-241.373,44.6372638
43.4469944,53,0.053,0,-1.611,1.611,5,5,4.994,0.00600000000000023,0.00600000000000023,290.266,44.69699
43.5327105,53,0.053,0,-1.611,1.611,5,5,4.994,0.00600000000000023,0.00600000000000023,289.797,44.7827061
43.5421683,53,0.053,-0.052,1.611,-1.663,5,5,5.01,-0.00999999999999979,-0.00999999999999979,-242.939,44.7921639
43.6200623,53,0.053,-0.052,0,-0.052,5,5,5.01,-0.00999999999999979,-0.00999999999999979,-82.458,44.8700579
43.6423049,52,0.052,0,-1.611,1.611,5,5,4.994,0.00600000000000023,0.00600000000000023,288.231,44.8923005
43.7052096,53,0.053,0,-1.611,1.611,5,5,4.994,0.00600000000000023,0.00600000000000023,287.761,44.9552052
43.7523284,53,0.053,0,-1.611,1.611,5,5,4.994,0.00600000000000023,0.00600000000000023,287.292,45.002324
43.8008076,53,0.053,-0.052,0,-0.052,5,5,5.01,-0.00999999999999979,-0.00999999999999979,-84.493,45.0508032
43.8833899,52,0.052,-0.052,0,-0.052,5,5,5.01,-0.00999999999999979,-0.00999999999999979,-84.963,45.1333855
43.9099686,52,0.052,-0.052,0,-0.052,5,5,5.01,-0.00999999999999979,-0.00999999999999979,-85.432,45.1599642
43.9697255,52,0.052,-0.052,0,-0.052,5,5,5.01,-0.00999999999999979,-0.00999999999999979,-85.902,45.2197211
44.0111355,52,0.052,-0.052,0,-0.052,5,5,5.01,-0.00999999999999979,-0.00999999999999979,-86.528,45.2611311
44.0587177,52,0.052,-0.052,0,-0.052,5,5,5.01,-0.00999999999999979,-0.00999999999999979,-86.998,45.3087133
44.1399558,52,0.052,-0.052,0,-0.052,5,5,5.01,-0.00999999999999979,-0.00999999999999979,-87.468,45.3899514
44.1743323,52,0.052,-0.052,0,-0.052,5,5,5.01,-0.00999999999999979,-0.00999999999999979,-87.937,45.4243279
44.2291336,52,0.052,-0.052,0,-0.052,5,5,5.01,-0.00999999999999979,-0.00999999999999979,-88.407,45.4791292
44.2683994,52,0.052,0,-1.611,1.611,5,5,4.994,0.00600000000000023,0.00600000000000023,282.282,45.518395
44.3321522,53,0.053,0,-1.611,1.611,5,5,4.994,0.00600000000000023,0.00600000000000023,281.812,45.5821478
44.4012059,53,0.053,-0.052,1.611,-1.663,5,5,5.01,-0.00999999999999979,-0.00999999999999979,-250.923,45.6512015
44.4253436,53,0.053,-0.052,0,-0.052,5,5,5.01,-0.00999999999999979,-0.00999999999999979,-90.286,45.6753392
44.4874322,52,0.052,0,-1.611,1.611,5,5,4.994,0.00600000000000023,0.00600000000000023,280.403,45.7374278
44.5355317,53,0.053,-0.052,1.611,-1.663,5,5,5.01,-0.00999999999999979,-0.00999999999999979,-252.332,45.7855273
44.5832585,53,0.053,-0.052,0,-0.052,5,5,5.01,-0.00999999999999979,-0.00999999999999979,-91.695,45.8332541
44.6578976,52,0.052,-0.052,0,-0.052,5,5,5.01,-0.00999999999999979,-0.00999999999999979,-92.164,45.9078932
44.6924308,52,0.052,0,0,0,5,5,4.994,0.00600000000000023,0.00600000000000023,117.574,45.9424264
44.7447568,52,0.052,-0.052,0,-0.052,5,5,5.01,-0.00999999999999979,-0.00999999999999979,-93.104,45.9947524
44.8266245,52,0.052,0,-1.611,1.611,5,5,4.994,0.00600000000000023,0.00600000000000023,277.742,46.0766201
44.8568377,53,0.053,0,0,0,5,5,4.994,0.00600000000000023,0.00600000000000023,116.321,46.1068333
44.9124633,52,0.052,-0.052,1.611,-1.663,5,5,5.01,-0.00999999999999979,-0.00999999999999979,-255.463,46.1624589
44.9565959,53,0.053,-0.052,0,-0.052,5,5,5.01,-0.00999999999999979,-0.00999999999999979,-94.826,46.2065915
45.0037358,52,0.052,0,-1.611,1.611,5,5,4.994,0.00600000000000023,0.00600000000000023,276.019,46.2537314
45.0904343,53,0.053,-0.052,1.611,-1.663,5,5,5.01,-0.00999999999999979,-0.00999999999999979,-256.716,46.3404299
45.1093162,53,0.053,0,-1.611,1.611,5,5,4.994,0.00600000000000023,0.00600000000000023,275.08,46.3593118
45.1820403,53,0.053,0,0,0,5,5,4.994,0.00600000000000023,0.00600000000000023,113.66,46.4320359
45.2268296,52,0.052,-0.052,1.611,-1.663,5,5,5.01,-0.00999999999999979,-0.00999999999999979,-257.968,46.4768252
45.2735591,53,0.053,-0.052,0,-0.052,5,5,5.01,-0.00999999999999979,-0.00999999999999979,-97.331,46.5235547
45.3579304,52,0.052,0,0,0,5,5,4.994,0.00600000000000023,0.00600000000000023,112.407,46.607926
45.3720633,52,0.052,-0.052,1.611,-1.663,5,5,5.01,-0.00999999999999979,-0.00999999999999979,-259.221,46.6220589
45.4442848,53,0.053,-0.052,0,-0.052,5,5,5.01,-0.00999999999999979,-0.00999999999999979,-98.583,46.6942804
45.4764571,52,0.052,0,-1.611,1.611,5,5,4.994,0.00600000000000023,0.00600000000000023,272.262,46.7264527
45.5341553,53,0.053,-0.052,1.611,-1.663,5,5,5.01,-0.00999999999999979,-0.00999999999999979,-260.473,46.7841509
45.6149903,53,0.053,-0.052,0,-0.052,5,5,5.01,-0.00999999999999979,-0.00999999999999979,-99.836,46.8649859
45.6435358,52,0.052,0,-1.611,1.611,5,5,4.994,0.00600000000000023,0.00600000000000023,271.009,46.8935314
45.7007156,53,0.053,0,0,0,5,5,4.994,0.00600000000000023,0.00600000000000023,109.589,46.9507112
45.7421312,52,0.052,-0.052,0,-0.052,5,5,5.01,-0.00999999999999979,-0.00999999999999979,-101.088,46.9921268
45.7943923,53,0.053,0,-1.611,1.611,5,5,4.994,0.00600000000000023,0.00600000000000023,269.757,47.0443879
45.8802639,53,0.053,0,0,0,5,5,4.994,0.00600000000000023,0.00600000000000023,108.337,47.1302595
45.9032327,52,0.052,-0.052,1.611,-1.663,5,5,5.01,-0.00999999999999979,-0.00999999999999979,-263.291,47.1532283
45.972617,53,0.053,0,-1.611,1.611,5,5,4.994,0.00600000000000023,0.00600000000000023,268.505,47.2226126
46.0142541,53,0.053,0,0,0,5,5,4.994,0.00600000000000023,0.00600000000000023,107.084,47.2642497
46.0621049,52,0.052,-0.052,1.611,-1.663,5,5,5.01,-0.00999999999999979,-0.00999999999999979,-264.544,47.3121005
46.1495848,53,0.053,0,-1.611,1.611,5,5,4.994,0.00600000000000023,0.00600000000000023,267.252,47.3995804
46.1642966,53,0.053,0,0,0,5,5,4.994,0.00600000000000023,0.00600000000000023,105.832,47.4142922
46.2358137,52,0.052,-0.052,1.611,-1.663,5,5,5.01,-0.00999999999999979,-0.00999999999999979,-265.796,47.4858093
46.2741947,53,0.053,-0.052,0,-0.052,5,5,5.01,-0.00999999999999979,-0.00999999999999979,-105.159,47.5241903
46.3242638,53,0.053,0,0,0,5,5,4.994,0.00600000000000023,0.00600000000000023,104.579,47.5742594
46.413405,52,0.052,-0.052,1.611,-1.663,5,5,5.01,-0.00999999999999979,-0.00999999999999979,-267.049,47.6634006
46.4273947,53,0.053,-0.052,0,-0.052,5,5,5.01,-0.00999999999999979,-0.00999999999999979,-106.411,47.6773903
46.5013158,53,0.053,0,-1.611,1.611,5,5,4.994,0.00600000000000023,0.00600000000000023,264.761,47.7513114
46.5387203,53,0.053,-0.052,1.611,-1.663,5,5,5.01,-0.00999999999999979,-0.00999999999999979,-267.975,47.7887159
46.5879903,53,0.053,-0.052,0,-0.052,5,5,5.01,-0.00999999999999979,-0.00999999999999979,-107.337,47.8379859
46.6718429,53,0.053,0.108,-3.222,3.33,5,5,4.978,0.0220000000000002,0.0220000000000002,640.668,47.9218385
46.6895994,53,0.053,-0.052,1.611,-1.663,5,5,5.01,-0.00999999999999979,-0.00999999999999979,-268.9,47.939595
46.7556386,53,0.053,-0.052,0,-0.052,5,5,5.01,-0.00999999999999979,-0.00999999999999979,-108.263,48.0056342
46.7930698,53,0.053,-0.052,0,-0.052,5,5,5.01,-0.00999999999999979,-0.00999999999999979,-108.406,48.0430654
46.8608489,53,0.053,0,0,0,5,5,4.994,0.00600000000000023,0.00600000000000023,101.332,48.1108445
46.9295343,52,0.052,-0.052,3.222,-3.274,5,5,5.01,-0.00999999999999979,-0.00999999999999979,-431.076,48.1795299
46.9567391,53,0.053,-0.052,1.611,-1.663,5,5,5.01,-0.00999999999999979,-0.00999999999999979,-270.439,48.2067347
47.0166524,53,0.053,-0.052,0,-0.052,5,5,5.01,-0.00999999999999979,-0.00999999999999979,-109.801,48.266648
47.0574254,53,0.053,0,0,0,5,5,4.994,0.00600000000000023,0.00600000000000023,100.264,48.307421
47.1200828,52,0.052,-0.052,1.611,-1.663,5,5,5.01,-0.00999999999999979,-0.00999999999999979,-271.364,48.3700784
47.1921886,53,0.053,0,-1.611,1.611,5,5,4.994,0.00600000000000023,0.00600000000000023,260.588,48.4421842
47.221882,53,0.053,0.108,-1.611,1.719,5,5,4.978,0.0220000000000002,0.0220000000000002,476.327,48.4718776
47.2776064,53,0.053,-0.052,1.611,-1.663,5,5,5.01,-0.00999999999999979,-0.00999999999999979,-272.29,48.527602
47.3626066,53,0.053,0,-1.611,1.611,5,5,4.994,0.00600000000000023,0.00600000000000023,259.663,48.6126022
47.3780018,53,0.053,0,0,0,5,5,4.994,0.00600000000000023,0.00600000000000023,98.242,48.6279974
47.4490048,52,0.052,-0.052,0,-0.052,5,5,5.01,-0.00999999999999979,-0.00999999999999979,-112.108,48.6990004
47.4940292,53,0.053,0.108,-3.222,3.33,5,5,4.978,0.0220000000000002,0.0220000000000002,635.896,48.7440248
47.5496424,53,0.053,0,0,0,5,5,4.994,0.00600000000000023,0.00600000000000023,97.643,48.799638
47.5886872,52,0.052,-0.052,1.611,-1.663,5,5,5.01,-0.00999999999999979,-0.00999999999999979,-273.658,48.8386828
47.6512772,53,0.053,0.108,-3.222,3.33,5,5,4.978,0.0220000000000002,0.0220000000000002,635.297,48.9012728
47.7443002,53,0.053,0,0,0,5,5,4.994,0.00600000000000023,0.00600000000000023,97.044,48.9942958
47.7485379,52,0.052,-0.052,1.611,-1.663,5,5,5.01,-0.00999999999999979,-0.00999999999999979,-274.257,48.9985335
47.8390005,53,0.053,0,-1.611,1.611,5,5,4.994,0.00600000000000023,0.00600000000000023,257.695,49.0889961
47.8569689,53,0.053,-0.052,1.611,-1.663,5,5,5.01,-0.00999999999999979,-0.00999999999999979,-275.04,49.1069645
47.9269482,53,0.053,-0.052,0,-0.052,5,5,5.01,-0.00999999999999979,-0.00999999999999979,-114.076,49.1769438
47.9618921,53,0.053,0,0,0,5,5,4.994,0.00600000000000023,0.00600000000000023,95.819,49.2118877
48.0162876,52,0.052,-0.052,1.611,-1.663,5,5,5.01,-0.00999999999999979,-0.00999999999999979,-275.809,49.2662832
48.1068932,53,0.053,-0.052,1.611,-1.663,5,5,5.01,-0.00999999999999979,-0.00999999999999979,-276.122,49.3568888
48.1126861,53,0.053,-0.052,0,-0.052,5,5,5.01,-0.00999999999999979,-0.00999999999999979,-115.158,49.3626817
48.1995586,53,0.053,0,-1.611,1.611,5,5,4.994,0.00600000000000023,0.00600000000000023,255.687,49.4495542
48.2278569,53,0.053,0,0,0,5,5,4.994,0.00600000000000023,0.00600000000000023,94.267,49.4778525
48.2899321,52,0.052,-0.052,3.222,-3.274,5,5,5.01,-0.00999999999999979,-0.00999999999999979,-438.142,49.5399277
48.3235257,53,0.053,0,0,0,5,5,4.994,0.00600000000000023,0.00600000000000023,93.811,49.5735213
48.3864097,52,0.052,-0.052,3.222,-3.274,5,5,5.01,-0.00999999999999979,-0.00999999999999979,-438.598,49.6364053
48.4724865,53,0.053,-0.052,0,-0.052,5,5,5.01,-0.00999999999999979,-0.00999999999999979,-116.682,49.7224821
48.4960516,53,0.053,0,-1.611,1.611,5,5,4.994,0.00600000000000023,0.00600000000000023,254.163,49.7460472
48.5612969,53,0.053,0.108,-1.611,1.719,5,5,4.978,0.0220000000000002,0.0220000000000002,469.901,49.8112925
48.5888455,53,0.053,-0.052,1.611,-1.663,5,5,5.01,-0.00999999999999979,-0.00999999999999979,-278.389,49.8388411
48.6541071,53,0.053,0,-1.611,1.611,5,5,4.994,0.00600000000000023,0.00600000000000023,253.564,49.9041027
48.7007265,53,0.053,0.108,-1.611,1.719,5,5,4.978,0.0220000000000002,0.0220000000000002,469.303,49.9507221
48.7483442,53,0.053,-0.052,1.611,-1.663,5,5,5.01,-0.00999999999999979,-0.00999999999999979,-278.988,49.9983398
48.8332748,53,0.053,0,-1.611,1.611,5,5,4.994,0.00600000000000023,0.00600000000000023,252.965,50.0832704
48.8575944,53,0.053,0.108,-1.611,1.719,5,5,4.978,0.0220000000000002,0.0220000000000002,468.704,50.10759
48.9253321,53,0.053,0,1.611,-1.611,5,5,4.994,0.00600000000000023,0.00600000000000023,-69.378,50.1753277
48.9635971,53,0.053,-0.052,1.611,-1.663,5,5,5.01,-0.00999999999999979,-0.00999999999999979,-279.9,50.2135927
49.0166117,53,0.053,-0.052,0,-0.052,5,5,5.01,-0.00999999999999979,-0.00999999999999979,-118.935,50.2666073
49.1062405,53,0.053,-0.052,0,-0.052,5,5,5.01,-0.00999999999999979,-0.00999999999999979,-119.249,50.3562361
49.1204994,53,0.053,0.108,-1.611,1.719,5,5,4.978,0.0220000000000002,0.0220000000000002,467.975,50.370495
49.1951255,53,0.053,0,1.611,-1.611,5,5,4.994,0.00600000000000023,0.00600000000000023,-70.106,50.4451211
49.2317881,53,0.053,-0.052,3.222,-3.274,5,5,5.01,-0.00999999999999979,-0.00999999999999979,-441.409,50.4817837
49.2814408,53,0.053,0,-1.611,1.611,5,5,4.994,0.00600000000000023,0.00600000000000023,251.495,50.5314364
49.3295175,53,0.053,0.108,-3.222,3.33,5,5,4.978,0.0220000000000002,0.0220000000000002,628.341,50.5795131
49.3825027,53,0.053,0.108,-1.611,1.719,5,5,4.978,0.0220000000000002,0.0220000000000002,467.247,50.6324983
49.4546315,53,0.053,0,1.611,-1.611,5,5,4.994,0.00600000000000023,0.00600000000000023,-70.835,50.7046271
49.4954292,53,0.053,-0.052,0,-0.052,5,5,5.01,-0.00999999999999979,-0.00999999999999979,-120.079,50.7454248
49.5481841,53,0.053,0,-1.611,1.611,5,5,4.994,0.00600000000000023,0.00600000000000023,250.766,50.7981797
49.633409,53,0.053,0.108,-3.222,3.33,5,5,4.978,0.0220000000000002,0.0220000000000002,627.783,50.8834046
49.6604854,53,0.053,-0.052,3.222,-3.274,5,5,5.01,-0.00999999999999979,-0.00999999999999979,-442.566,50.910481
49.7213545,53,0.053,-0.052,0,-0.052,5,5,5.01,-0.00999999999999979,-0.00999999999999979,-120.821,50.9713501
49.7539426,53,0.053,-0.052,0,-0.052,5,5,5.01,-0.00999999999999979,-0.00999999999999979,-121.134,51.0039382
49.8166765,53,0.053,0.108,-1.611,1.719,5,5,4.978,0.0220000000000002,0.0220000000000002,466.09,51.0666721
49.8966073,53,0.053,-0.052,1.611,-1.663,5,5,5.01,-0.00999999999999979,-0.00999999999999979,-282.37,51.1466029
49.9146746,53,0.053,-0.052,0,-0.052,5,5,5.01,-0.00999999999999979,-0.00999999999999979,-121.406,51.1646702
49.9846965,53,0.053,0,-1.611,1.611,5,5,4.994,0.00600000000000023,0.00600000000000023,249.766,51.2346921
50.0254069,53,0.053,-0.052,3.222,-3.274,5,5,5.01,-0.00999999999999979,-0.00999999999999979,-443.75,51.2754025
50.0794375,53,0.053,-0.052,1.611,-1.663,5,5,5.01,-0.00999999999999979,-0.00999999999999979,-282.786,51.3294331
50.1680265,53,0.053,-0.052,0,-0.052,5,5,5.01,-0.00999999999999979,-0.00999999999999979,-121.821,51.4180221
50.1896202,53,0.053,0,1.611,-1.611,5,5,4.994,0.00600000000000023,0.00600000000000023,-72.863,51.4396158
50.2585089,53,0.053,-0.052,3.222,-3.274,5,5,5.01,-0.00999999999999979,-0.00999999999999979,-444.165,51.5085045
50.29479,53,0.053,-0.052,0,-0.052,5,5,5.01,-0.00999999999999979,-0.00999999999999979,-122.42,51.5447856
50.3487375,53,0.053,0,0,0,5,5,4.994,0.00600000000000023,0.00600000000000023,87.644,51.5987331
50.3887982,52,0.052,-0.052,3.222,-3.274,5,5,5.01,-0.00999999999999979,-0.00999999999999979,-444.764,51.6387938
50.4521675,53,0.053,-0.052,1.611,-1.663,5,5,5.01,-0.00999999999999979,-0.00999999999999979,-283.8,51.7021631
50.5241515,53,0.053,-0.052,0,-0.052,5,5,5.01,-0.00999999999999979,-0.00999999999999979,-122.835,51.7741471
50.5465333,53,0.053,0,1.611,-1.611,5,5,4.994,0.00600000000000023,0.00600000000000023,-73.877,51.7965289
50.6136118,53,0.053,-0.052,3.222,-3.274,5,5,5.01,-0.00999999999999979,-0.00999999999999979,-445.179,51.8636074
50.7024536,53,0.053,-0.052,0,-0.052,5,5,5.01,-0.00999999999999979,-0.00999999999999979,-123.434,51.9524492
50.7147036,53,0.053,0,1.611,-1.611,5,5,4.994,0.00600000000000023,0.00600000000000023,-74.149,51.9646992
50.79039,53,0.053,-0.052,1.611,-1.663,5,5,5.01,-0.00999999999999979,-0.00999999999999979,-284.344,52.0403856
50.8137216,53,0.053,-0.052,0,-0.052,5,5,5.01,-0.00999999999999979,-0.00999999999999979,-123.38,52.0637172
50.8793174,53,0.053,0.108,-3.222,3.33,5,5,4.978,0.0220000000000002,0.0220000000000002,624.951,52.129313
50.9645986,53,0.053,-0.052,1.611,-1.663,5,5,5.01,-0.00999999999999979,-0.00999999999999979,-284.29,52.2145942
50.9747232,53,0.053,0.108,-3.222,3.33,5,5,4.978,0.0220000000000002,0.0220000000000002,624.822,52.2247188
51.0525862,53,0.053,0,1.611,-1.611,5,5,4.994,0.00600000000000023,0.00600000000000023,-74.21,52.3025818
51.0841531,53,0.053,0,-1.611,1.611,5,5,4.994,0.00600000000000023,0.00600000000000023,247.86,52.3341487
51.1425943,53,0.053,0,1.611,-1.611,5,5,4.994,0.00600000000000023,0.00600000000000023,-74.34,52.3925899
51.2359331,53,0.053,-0.052,1.611,-1.663,5,5,5.01,-0.00999999999999979,-0.00999999999999979,-284.535,52.4859287
51.2487266,53,0.053,0,0,0,5,5,4.994,0.00600000000000023,0.00600000000000023,86.637,52.4987222
51.3244334,52,0.052,-0.052,1.611,-1.663,5,5,5.01,-0.00999999999999979,-0.00999999999999979,-284.664,52.574429
51.3489322,53,0.053,-0.052,0,-0.052,5,5,5.01,-0.00999999999999979,-0.00999999999999979,-123.699,52.5989278
51.4146021,53,0.053,0,0,0,5,5,4.994,0.00600000000000023,0.00600000000000023,86.522,52.6645977
51.4507073,52,0.052,-0.052,0,-0.052,5,5,5.01,-0.00999999999999979,-0.00999999999999979,-123.829,52.7007029
51.5146067,53,0.053,0.108,-3.222,3.33,5,5,4.978,0.0220000000000002,0.0220000000000002,624.502,52.7646023
51.6036643,53,0.053,-0.052,1.611,-1.663,5,5,5.01,-0.00999999999999979,-0.00999999999999979,-284.909,52.8536599
51.6174685,53,0.053,0.108,-3.222,3.33,5,5,4.978,0.0220000000000002,0.0220000000000002,624.203,52.8674641
51.689918,53,0.053,-0.052,1.611,-1.663,5,5,5.01,-0.00999999999999979,-0.00999999999999979,-285.038,52.9399136
51.7124954,53,0.053,0,-1.611,1.611,5,5,4.994,0.00600000000000023,0.00600000000000023,247.241,52.962491
51.7812456,53,0.053,0,1.611,-1.611,5,5,4.994,0.00600000000000023,0.00600000000000023,-74.959,53.0312412
51.8233652,53,0.053,-0.052,0,-0.052,5,5,5.01,-0.00999999999999979,-0.00999999999999979,-124.203,53.0733608
51.8708186,53,0.053,-0.052,-1.611,1.559,5,5,5.01,-0.00999999999999979,-0.00999999999999979,36.846,53.1208142
51.953373,53,0.053,0,-1.611,1.611,5,5,4.994,0.00600000000000023,0.00600000000000023,246.584,53.2033686
51.9820347,53,0.053,0,1.611,-1.611,5,5,4.994,0.00600000000000023,0.00600000000000023,-75.616,53.2320303
52.0450863,53,0.053,-0.052,1.611,-1.663,5,5,5.01,-0.00999999999999979,-0.00999999999999979,-285.811,53.2950819
52.0846967,53,0.053,-0.052,0,-0.052,5,5,5.01,-0.00999999999999979,-0.00999999999999979,-124.846,53.3346923
52.1488671,53,0.053,0.108,-3.222,3.33,5,5,4.978,0.0220000000000002,0.0220000000000002,623.485,53.3988627
52.2202168,53,0.053,-0.052,0,-0.052,5,5,5.01,-0.00999999999999979,-0.00999999999999979,-124.975,53.4702124
52.2426799,53,0.053,0.108,-3.222,3.33,5,5,4.978,0.0220000000000002,0.0220000000000002,623.356,53.4926755
52.3057225,53,0.053,0,1.611,-1.611,5,5,4.994,0.00600000000000023,0.00600000000000023,-75.677,53.5557181
52.3526927,53,0.053,0,0,0,5,5,4.994,0.00600000000000023,0.00600000000000023,85.116,53.6026883
52.3999498,52,0.052,-0.052,1.611,-1.663,5,5,5.01,-0.00999999999999979,-0.00999999999999979,-286.185,53.6499454
52.4761657,53,0.053,-0.052,0,-0.052,5,5,5.01,-0.00999999999999979,-0.00999999999999979,-125.22,53.7261613
52.5098464,53,0.053,0.108,-3.222,3.33,5,5,4.978,0.0220000000000002,0.0220000000000002,623.111,53.759842
52.5729454,53,0.053,0,-1.611,1.611,5,5,4.994,0.00600000000000023,0.00600000000000023,245.965,53.822941
52.6766206,53,0.053,0,1.611,-1.611,5,5,4.994,0.00600000000000023,0.00600000000000023,-76.235,53.9266162
52.6771167,53,0.053,-0.052,1.611,-1.663,5,5,5.01,-0.00999999999999979,-0.00999999999999979,-286.43,53.9271123
52.7758402,53,0.053,0,0,0,5,5,4.994,0.00600000000000023,0.00600000000000023,84.742,54.0258358
52.7775669,52,0.052,-0.052,0,-0.052,5,5,5.01,-0.00999999999999979,-0.00999999999999979,-125.778,54.0275625
52.8243866,53,0.053,0.108,-3.222,3.33,5,5,4.978,0.0220000000000002,0.0220000000000002,622.553,54.0743822
52.883397,53,0.053,0,1.611,-1.611,5,5,4.994,0.00600000000000023,0.00600000000000023,-76.48,54.1333926
52.9739337,53,0.053,0.108,-3.222,3.33,5,5,4.978,0.0220000000000002,0.0220000000000002,622.423,54.2239293
52.9921757,53,0.053,0,1.611,-1.611,5,5,4.994,0.00600000000000023,0.00600000000000023,-76.609,54.2421713
53.0778692,53,0.053,0,-1.611,1.611,5,5,4.994,0.00600000000000023,0.00600000000000023,245.292,54.3278648
53.0878975,53,0.053,-0.052,1.611,-1.663,5,5,5.01,-0.00999999999999979,-0.00999999999999979,-287.117,54.3378931
53.1789322,53,0.053,-0.052,0,-0.052,5,5,5.01,-0.00999999999999979,-0.00999999999999979,-126.153,54.4289278
53.1975353,53,0.053,0,0,0,5,5,4.994,0.00600000000000023,0.00600000000000023,84.069,54.4475309
53.2780225,52,0.052,-0.052,0,-0.052,5,5,5.01,-0.00999999999999979,-0.00999999999999979,-126.452,54.5280181
53.3014353,53,0.053,0,1.611,-1.611,5,5,4.994,0.00600000000000023,0.00600000000000023,-77.167,54.5514309
53.378691,53,0.053,0,-1.611,1.611,5,5,4.994,0.00600000000000023,0.00600000000000023,244.733,54.6286866
53.4114142,53,0.053,0,1.611,-1.611,5,5,4.994,0.00600000000000023,0.00600000000000023,-77.467,54.6614098
53.4778162,53,0.053,-0.052,0,-0.052,5,5,5.01,-0.00999999999999979,-0.00999999999999979,-126.711,54.7278118
53.5176078,53,0.053,-0.052,-1.611,1.559,5,5,5.01,-0.00999999999999979,-0.00999999999999979,34.338,54.7676034
53.5765623,53,0.053,0,-1.611,1.611,5,5,4.994,0.00600000000000023,0.00600000000000023,244.077,54.8265579
53.6752156,53,0.053,-0.052,1.611,-1.663,5,5,5.01,-0.00999999999999979,-0.00999999999999979,-288.332,54.9252112
53.6757299,53,0.053,-0.052,0,-0.052,5,5,5.01,-0.00999999999999979,-0.00999999999999979,-127.368,54.9257255
53.7644687,53,0.053,0.108,-3.222,3.33,5,5,4.978,0.0220000000000002,0.0220000000000002,620.964,55.0144643
53.7816787,53,0.053,0,1.611,-1.611,5,5,4.994,0.00600000000000023,0.00600000000000023,-78.069,55.0316743
53.8600036,53,0.053,0,-1.611,1.611,5,5,4.994,0.00600000000000023,0.00600000000000023,244.002,55.1099992
53.8826358,53,0.053,-0.052,1.611,-1.663,5,5,5.01,-0.00999999999999979,-0.00999999999999979,-288.577,55.1326314
53.9514733,53,0.053,-0.052,0,-0.052,5,5,5.01,-0.00999999999999979,-0.00999999999999979,-127.612,55.2014689
53.9988562,53,0.053,-0.052,1.611,-1.663,5,5,5.01,-0.00999999999999979,-0.00999999999999979,-288.706,55.2488518
54.0525199,53,0.053,0.108,-3.222,3.33,5,5,4.978,0.0220000000000002,0.0220000000000002,620.406,55.3025155
54.1416058,53,0.053,0,1.611,-1.611,5,5,4.994,0.00600000000000023,0.00600000000000023,-78.627,55.3916014
54.1509042,53,0.053,0,0,0,5,5,4.994,0.00600000000000023,0.00600000000000023,82.166,55.4008998
54.2352931,52,0.052,-0.052,1.611,-1.663,5,5,5.01,-0.00999999999999979,-0.00999999999999979,-289.135,55.4852887
54.2614929,53,0.053,0,-1.611,1.611,5,5,4.994,0.00600000000000023,0.00600000000000023,243.144,55.5114885
54.3319958,53,0.053,-0.052,1.611,-1.663,5,5,5.01,-0.00999999999999979,-0.00999999999999979,-289.434,55.5819914
54.3677189,53,0.053,0.108,-3.222,3.33,5,5,4.978,0.0220000000000002,0.0220000000000002,619.848,55.6177145
54.4203666,53,0.053,0,-1.611,1.611,5,5,4.994,0.00600000000000023,0.00600000000000023,242.63,55.6703622
54.5178137,53,0.053,0,1.611,-1.611,5,5,4.994,0.00600000000000023,0.00600000000000023,-79.57,55.7678093
54.5256421,53,0.053,-0.052,0,-0.052,5,5,5.01,-0.00999999999999979,-0.00999999999999979,-128.814,55.7756377
54.6126404,53,0.053,0.108,-3.222,3.33,5,5,4.978,0.0220000000000002,0.0220000000000002,619.518,55.862636
54.6212906,53,0.053,0,-1.611,1.611,5,5,4.994,0.00600000000000023,0.00600000000000023,242.3,55.8712862
54.7151586,53,0.053,0.108,-1.611,1.719,5,5,4.978,0.0220000000000002,0.0220000000000002,458.039,55.9651542
54.7282524,53,0.053,-0.052,0,-0.052,5,5,5.01,-0.00999999999999979,-0.00999999999999979,-129.471,55.978248
54.8090344,53,0.053,0.108,-3.222,3.33,5,5,4.978,0.0220000000000002,0.0220000000000002,618.861,56.05903
54.8359289,53,0.053,0.108,0,0.108,5,5,4.978,0.0220000000000002,0.0220000000000002,296.986,56.0859245
54.9111349,52,0.052,-0.052,1.611,-1.663,5,5,5.01,-0.00999999999999979,-0.00999999999999979,-290.765,56.1611305
54.9404714,53,0.053,-0.052,0,-0.052,5,5,5.01,-0.00999999999999979,-0.00999999999999979,-129.801,56.190467
55.0113031,53,0.053,0.108,-3.222,3.33,5,5,4.978,0.0220000000000002,0.0220000000000002,618.531,56.2612987
55.0506164,53,0.053,0,-1.611,1.611,5,5,4.994,0.00600000000000023,0.00600000000000023,241.314,56.300612
55.1103126,53,0.053,-0.052,1.611,-1.663,5,5,5.01,-0.00999999999999979,-0.00999999999999979,-291.095,56.3603082
55.207497,53,0.053,-0.052,0,-0.052,5,5,5.01,-0.00999999999999979,-0.00999999999999979,-130.131,56.4574926
55.2081816,53,0.053,0,0,0,5,5,4.994,0.00600000000000023,0.00600000000000023,80.091,56.4581772
55.2561108,52,0.052,0.108,-3.222,3.33,5,5,4.978,0.0220000000000002,0.0220000000000002,617.887,56.5061064
55.3198228,53,0.053,-0.052,1.611,-1.663,5,5,5.01,-0.00999999999999979,-0.00999999999999979,-291.524,56.5698184
55.4150621,53,0.053,0.108,-3.222,3.33,5,5,4.978,0.0220000000000002,0.0220000000000002,617.588,56.6650577
55.4296484,53,0.053,-0.052,1.611,-1.663,5,5,5.01,-0.00999999999999979,-0.00999999999999979,-291.823,56.679644
55.5074247,53,0.053,-0.052,1.611,-1.663,5,5,5.01,-0.00999999999999979,-0.00999999999999979,-292.136,56.7574203
55.5418847,53,0.053,-0.052,0,-0.052,5,5,5.01,-0.00999999999999979,-0.00999999999999979,-131.172,56.7918803
55.6119632,53,0.053,-0.052,-1.611,1.559,5,5,5.01,-0.00999999999999979,-0.00999999999999979,29.877,56.8619588
55.6291244,53,0.053,0,1.611,-1.611,5,5,4.994,0.00600000000000023,0.00600000000000023,-82.272,56.87912
55.7087382,53,0.053,-0.052,3.222,-3.274,5,5,5.01,-0.00999999999999979,-0.00999999999999979,-453.247,56.9587338
55.7353961,53,0.053,-0.052,1.611,-1.663,5,5,5.01,-0.00999999999999979,-0.00999999999999979,-292.851,56.9853917
55.8052966,53,0.053,0.108,-3.222,3.33,5,5,4.978,0.0220000000000002,0.0220000000000002,616.431,57.0552922
55.8468118,53,0.053,-0.052,1.611,-1.663,5,5,5.01,-0.00999999999999979,-0.00999999999999979,-292.98,57.0968074
55.9089156,53,0.053,0,0,0,5,5,4.994,0.00600000000000023,0.00600000000000023,78.021,57.1589112
55.952032,52,0.052,0,-1.611,1.611,5,5,4.994,0.00600000000000023,0.00600000000000023,238.816,57.2020276
56.0249409,53,0.053,-0.052,1.611,-1.663,5,5,5.01,-0.00999999999999979,-0.00999999999999979,-293.593,57.2749365
56.0596974,53,0.053,0,0,0,5,5,4.994,0.00600000000000023,0.00600000000000023,77.409,57.309693
56.1237037,52,0.052,0,-1.611,1.611,5,5,4.994,0.00600000000000023,0.00600000000000023,238.203,57.3736993
56.1552082,53,0.053,-0.052,1.611,-1.663,5,5,5.01,-0.00999999999999979,-0.00999999999999979,-294.376,57.4052038
56.2268395,53,0.053,0,0,0,5,5,4.994,0.00600000000000023,0.00600000000000023,76.796,57.4768351
56.263348,52,0.052,0,-1.611,1.611,5,5,4.994,0.00600000000000023,0.00600000000000023,237.59,57.5133436
56.3253576,53,0.053,-0.052,1.611,-1.663,5,5,5.01,-0.00999999999999979,-0.00999999999999979,-294.988,57.5753532
56.3724533,53,0.053,-0.052,1.611,-1.663,5,5,5.01,-0.00999999999999979,-0.00999999999999979,-295.301,57.6224489
56.4279987,53,0.053,0,0,0,5,5,4.994,0.00600000000000023,0.00600000000000023,75.7,57.6779943
56.5313249,52,0.052,0,-1.611,1.611,5,5,4.994,0.00600000000000023,0.00600000000000023,236.495,57.7813205
56.531752,53,0.053,-0.052,1.611,-1.663,5,5,5.01,-0.00999999999999979,-0.00999999999999979,-296.084,57.7817476
56.5772028,53,0.053,-0.052,1.611,-1.663,5,5,5.01,-0.00999999999999979,-0.00999999999999979,-296.397,57.8271984
56.6405956,53,0.053,0,0,0,5,5,4.994,0.00600000000000023,0.00600000000000023,74.604,57.8905912
56.725166,52,0.052,0,-1.611,1.611,5,5,4.994,0.00600000000000023,0.00600000000000023,235.399,57.9751616
56.7350577,53,0.053,-0.052,1.611,-1.663,5,5,5.01,-0.00999999999999979,-0.00999999999999979,-297.18,57.9850533
56.8179959,53,0.053,-0.052,1.611,-1.663,5,5,5.01,-0.00999999999999979,-0.00999999999999979,-297.493,58.0679915
56.8497076,53,0.053,0,0,0,5,5,4.994,0.00600000000000023,0.00600000000000023,73.508,58.0997032
56.9137631,52,0.052,0,-1.611,1.611,5,5,4.994,0.00600000000000023,0.00600000000000023,234.303,58.1637587
56.9521594,53,0.053,0,-1.611,1.611,5,5,4.994,0.00600000000000023,0.00600000000000023,233.99,58.202155
57.011094,53,0.053,-0.052,1.611,-1.663,5,5,5.01,-0.00999999999999979,-0.00999999999999979,-298.589,58.2610896
57.1091046,53,0.053,0,-1.611,1.611,5,5,4.994,0.00600000000000023,0.00600000000000023,233.52,58.3591002
57.1098352,53,0.053,-0.052,1.611,-1.663,5,5,5.01,-0.00999999999999979,-0.00999999999999979,-299.059,58.3598308
57.1576742,53,0.053,-0.052,1.611,-1.663,5,5,5.01,-0.00999999999999979,-0.00999999999999979,-299.372,58.4076698
57.2152094,53,0.053,0,-1.611,1.611,5,5,4.994,0.00600000000000023,0.00600000000000023,232.737,58.465205
57.3103508,53,0.053,-0.052,1.611,-1.663,5,5,5.01,-0.00999999999999979,-0.00999999999999979,-299.842,58.5603464
57.3178767,53,0.053,0,0,0,5,5,4.994,0.00600000000000023,0.00600000000000023,71.16,58.5678723
57.4082697,52,0.052,0,-1.611,1.611,5,5,4.994,0.00600000000000023,0.00600000000000023,231.954,58.6582653
57.4282862,53,0.053,0,0,0,5,5,4.994,0.00600000000000023,0.00600000000000023,70.69,58.6782818
57.5001625,52,0.052,-0.052,1.611,-1.663,5,5,5.01,-0.00999999999999979,-0.00999999999999979,-300.781,58.7501581
57.5395044,53,0.053,0,0,0,5,5,4.994,0.00600000000000023,0.00600000000000023,70.221,58.7895
57.5968852,52,0.052,0,-1.611,1.611,5,5,4.994,0.00600000000000023,0.00600000000000023,231.015,58.8468808
57.6338789,53,0.053,0,0,0,5,5,4.994,0.00600000000000023,0.00600000000000023,69.751,58.8838745
57.6967963,52,0.052,-0.052,1.611,-1.663,5,5,5.01,-0.00999999999999979,-0.00999999999999979,-301.72,58.9467919
57.7888897,53,0.053,0,0,0,5,5,4.994,0.00600000000000023,0.00600000000000023,69.281,59.0388853
57.7940622,52,0.052,0,0,0,5,5,4.994,0.00600000000000023,0.00600000000000023,69.125,59.0440578
57.8861478,52,0.052,0,-1.611,1.611,5,5,4.994,0.00600000000000023,0.00600000000000023,229.919,59.1361434
57.9034498,53,0.053,0,0,0,5,5,4.994,0.00600000000000023,0.00600000000000023,68.655,59.1534454
57.9780064,52,0.052,-0.052,1.611,-1.663,5,5,5.01,-0.00999999999999979,-0.00999999999999979,-302.816,59.228002
57.9982039,53,0.053,0,-1.611,1.611,5,5,4.994,0.00600000000000023,0.00600000000000023,229.293,59.2481995
58.0737004,53,0.053,0,0,0,5,5,4.994,0.00600000000000023,0.00600000000000023,68.029,59.323696
58.1074134,52,0.052,0,0,0,5,5,4.994,0.00600000000000023,0.00600000000000023,67.872,59.357409
58.1713378,52,0.052,0,-1.611,1.611,5,5,4.994,0.00600000000000023,0.00600000000000023,228.667,59.4213334
58.2187859,53,0.053,0,0,0,5,5,4.994,0.00600000000000023,0.00600000000000023,67.403,59.4687815
58.2739814,52,0.052,0,0,0,5,5,4.994,0.00600000000000023,0.00600000000000023,67.246,59.523977
58.3126041,52,0.052,-0.052,1.611,-1.663,5,5,5.01,-0.00999999999999979,-0.00999999999999979,-304.225,59.5625997
58.3761561,53,0.053,0,0,0,5,5,4.994,0.00600000000000023,0.00600000000000023,66.776,59.6261517
58.4693817,52,0.052,0,0,0,5,5,4.994,0.00600000000000023,0.00600000000000023,66.62,59.7193773
58.4704528,52,0.052,0,0,0,5,5,4.994,0.00600000000000023,0.00600000000000023,66.463,59.7204484
58.5664022,52,0.052,-0.052,0,-0.052,5,5,5.01,-0.00999999999999979,-0.00999999999999979,-143.731,59.8163978
58.5812981,53,0.053,0,-1.611,1.611,5,5,4.994,0.00600000000000023,0.00600000000000023,227.441,59.8312937
58.6651323,53,0.053,0,0,0,5,5,4.994,0.00600000000000023,0.00600000000000023,66.177,59.9151279
58.691481,52,0.052,-0.052,1.611,-1.663,5,5,5.01,-0.00999999999999979,-0.00999999999999979,-305.294,59.9414766
58.7659814,53,0.053,0,-1.611,1.611,5,5,4.994,0.00600000000000023,0.00600000000000023,226.815,60.015977
